mmsi,latitude,longitude,sog,cog,true_heading,rate_of_turn,navigation_status,updated,source_name,classb_flag,ship_name,imo,callsign,length,width,draught,destination,type_and_cargo,eta
356653000,8.970035,-79.57912,9.6,323.7,511.0,-731.3865,0,2026-06-02 11:59:57.000000,MSSIS,False,CALOVEBORA,0,TUGCA,0.0,0.0,0.0,,52,none
574962000,8.489455,124.66588,0.0,151.7,511.0,-731.3865,5,2026-06-02 11:59:57.000000,MSSIS,False,TAN AN ADVANCE,9561978,XVIS,0.0,0.0,7.4,PHCDO,70,none
256002329,37.886215,23.692783,10.1,341.0,338.0,0.0,0,2026-06-02 11:59:58.000000,MSSIS,False,LADY BAHI,0,9HB8476,0.0,0.0,3.0,H,37,none
248176000,39.56175,2.6277983,0.0,360.0,511.0,0.0,15,2026-06-02 11:59:59.000000,MSSIS,False,GLOBITO DE MAR,0,,0.0,0.0,0.0,,0,none
503568000,-20.662376,116.68558,0.0,302.8,233.0,0.0,0,2026-06-02 11:59:57.000000,MSSIS,False,PILBARA THOR,9455612,VNW6081,0.0,0.0,5.6,DAMPIER AUS,52,none
244650874,51.94207,4.03434,5.9,163.2,511.0,-731.3865,0,2026-06-02 11:59:58.000000,MSSIS,False,MAREA,0,PB4297,0.0,0.0,1.7,ROTTERDAM  NEUSS VV,79,none
265749770,59.119606,18.30425,0.0,27.8,511.0,0.0,15,2026-06-02 11:59:59.000000,MSSIS,False,,0,SKCT,0.0,0.0,0.0,,37,none
266468000,57.678867,11.8051,11.6,241.0,235.0,0.0,0,2026-06-02 11:59:58.000000,MSSIS,False,NIMBUS,9410507,SBFC,0.0,0.0,5.3,NLRTM,89,none
265782210,58.527527,16.836061,0.0,0.0,511.0,0.0,15,2026-06-02 11:59:59.000000,MSSIS,False,ALBA,0,,0.0,0.0,0.0,,0,none
235105625,51.267483,4.26289,0.0,46.9,511.0,-731.3865,15,2026-06-02 11:59:58.000000,MSSIS,False,LIAMP,0,2HPT2,0.0,0.0,0.3,BEANT,31,none
246245000,52.394165,5.150495,0.0,90.9,94.0,0.0,0,2026-06-02 11:59:58.000000,MSSIS,False,ZEELEEUW,8664319,PDIE,0.0,0.0,1.8,DEN OEVER,52,none
316050688,47.377377,-61.858753,0.0,360.0,511.0,0.0,15,2026-06-02 11:59:59.000000,MSSIS,False,,0,,0.0,0.0,0.0,,30,none
205507090,51.30467,3.83156,7.9,166.6,511.0,-731.3865,0,2026-06-02 11:59:58.000000,MSSIS,False,JASMIN,0,OT5070,0.0,0.0,2.2,OOSTENDE OSTEND,79,none
227017200,43.023087,3.046895,0.0,0.0,511.0,-731.3865,0,2026-06-02 11:59:58.000000,MSSIS,False,CHAMBON BORA,8402618,FHPM,0.0,0.0,3.8,TOULON,52,none
251765000,66.531586,-24.81037,4.3,201.8,201.0,-720.00323,7,2026-06-02 11:59:58.000000,MSSIS,False,THERNEY RE1,9830434,TFFW,0.0,0.0,8.0,,30,none
367469280,37.892315,-76.17367,4.1,157.6,163.0,0.0,15,2026-06-02 11:59:59.000000,MSSIS,False,,0,WDF5975,0.0,0.0,0.0,,36,none
245017000,56.51922,20.994467,0.0,294.1,79.0,0.0,5,2026-06-02 11:59:58.000000,MSSIS,False,EEMS TRANSPORTER,9340300,PHBC,0.0,0.0,3.4,LVLPX,79,none
211757190,52.53496,13.2053385,0.0,360.0,511.0,-731.3865,0,2026-06-02 11:59:58.000000,MSSIS,False,WAPPEN VON SPANDAU,0,DH9422,0.0,0.0,0.0,,69,none
244005414,53.039608,5.755542,4.9,229.2,511.0,0.0,15,2026-06-02 11:59:59.000000,MSSIS,False,ZOMAARWAD,0,,0.0,0.0,0.0,,0,none
668116393,32.895184,35.01097,0.0,33.3,300.0,0.0,1,2026-06-02 11:59:58.000000,MSSIS,False,AEGINA R,9108489,S9A3193,0.0,0.0,7.5,ILHFA,70,none
316057917,45.77172,-62.675945,8.5,9.2,511.0,0.0,15,2026-06-02 11:59:59.000000,MSSIS,False,,0,,0.0,0.0,0.0,,30,none
227574020,48.382107,-4.49698,0.0,213.9,511.0,-731.3865,15,2026-06-02 11:59:58.000000,MSSIS,False,TIBIDY,0,FGD5859,0.0,0.0,1.8,,60,none
316042097,48.992847,-122.75918,0.0,93.3,511.0,0.0,15,2026-06-02 11:59:59.000000,MSSIS,False,LUNA BLANCA,0,,0.0,0.0,0.0,,0,none
368108630,39.33289,-76.14196,0.0,291.1,511.0,0.0,15,2026-06-02 11:59:59.000000,MSSIS,False,MOONLIGHT LADY,0,,0.0,0.0,0.0,,0,none
244620938,51.944145,4.032795,0.0,0.0,511.0,-731.3865,0,2026-06-02 11:59:58.000000,MSSIS,False,PRISA,0,PF2122,0.0,0.0,2.0,ROTTERDAM HARTELHAVE,99,none
338544121,39.04677,-76.53508,0.0,360.0,511.0,0.0,15,2026-06-02 11:59:59.000000,MSSIS,False,PENELOPE,0,,0.0,0.0,0.0,,0,none
251295110,63.77421,-24.659782,6.8,275.2,278.0,0.0,7,2026-06-02 11:59:58.000000,MSSIS,False,SIGHVATUR,7383035,TFQN,0.0,0.0,0.0,,30,none
338474605,29.89201,-81.30884,0.0,360.0,511.0,0.0,15,2026-06-02 11:59:59.000000,MSSIS,False,,0,,0.0,0.0,0.0,,37,none
219034078,55.706474,9.558303,0.0,355.1,355.0,0.0,15,2026-06-02 11:59:59.000000,MSSIS,False,,0,XPI5188,0.0,0.0,0.0,,37,none
367390740,40.570778,-74.03566,10.5,166.1,511.0,-731.3865,0,2026-06-02 11:59:58.000000,MSSIS,False,RV SEAWOLF,8853489,WDE7235,0.0,0.0,3.5,PORT JEFFERSON,90,none
316038973,48.421764,-123.36991,0.0,360.0,511.0,0.0,15,2026-06-02 11:59:59.000000,MSSIS,False,BIG PAPA,0,,0.0,0.0,0.0,,0,none
538006080,35.84198,-6.0344434,1.5,89.5,170.0,0.4017626,0,2026-06-02 11:59:58.000000,MSSIS,False,STI STEADFAST,9719719,V7JO6,0.0,0.0,14.1,MATNG,80,none
512000497,-36.620434,174.79083,0.1,76.1,511.0,0.0,15,2026-06-02 11:59:58.000000,MSSIS,False,NORTHSTAR II,0,,0.0,0.0,0.0,,0,none
244780867,51.87951,4.3250365,0.0,360.0,511.0,-731.3865,1,2026-06-02 11:59:58.000000,MSSIS,False,DEO DATA,0,PA3597,0.0,0.0,0.0,GROOT AMMERS,79,none
244060259,52.37183,4.93972,0.0,360.0,511.0,-731.3865,0,2026-06-02 11:59:58.000000,MSSIS,False,FADAM 3,0,PC5154,0.0,0.0,0.6,,69,none
329019730,17.90026,-62.853653,0.1,360.0,511.0,0.0,15,2026-06-02 11:59:58.000000,MSSIS,False,GOOD LIFE,0,,0.0,0.0,0.0,,0,none
416004557,21.314285,121.1513,6.3,83.4,78.0,0.0,15,2026-06-02 11:59:58.000000,MSSIS,False,,0,,0.0,0.0,0.0,,30,none
245044000,38.878696,-9.845028,8.0,0.2,0.0,0.0,0,2026-06-02 11:59:58.000000,MSSIS,False,DINTELDIJK,9346677,PHMJ,0.0,0.0,6.3,NLMOE,70,none
985030266,-20.346203,148.94836,0.0,301.3,511.0,0.0,15,2026-06-02 11:59:58.000000,MSSIS,False,,0,AMT683N,0.0,0.0,0.0,,37,none
477728200,1.2724633,103.92903,0.4,295.4,216.0,0.0,0,2026-06-02 11:59:58.000000,MSSIS,False,HARBOUR SPLENDOR,9575096,VRGJ9,0.0,0.0,11.0,PEBGC,89,none
431004664,35.4465,139.74641,12.3,45.5,45.0,0.0,0,2026-06-02 11:59:58.000000,MSSIS,False,FUKUEI MARU,0,JD3558,0.0,0.0,3.0,JP TYO NJ,70,none
245321000,53.001526,4.7624135,0.0,34.7,120.0,0.0,5,2026-06-02 11:59:58.000000,MSSIS,False,LCVP L9574,0,PAYU,0.0,0.0,0.0,,35,none
258047500,58.45246,8.768768,0.0,360.0,511.0,-731.3865,0,2026-06-02 11:59:58.000000,MSSIS,False,KOLBJORN III,0,LJCK,0.0,0.0,1.8,ARENDAL,56,none
538072175,43.73441,7.4271884,0.0,348.8,260.0,0.0,5,2026-06-02 11:59:58.000000,MSSIS,False,TECHNOMARINE,0,V7A6630,0.0,0.0,0.0,MONACO,37,none
232064261,57.501694,-1.7777417,0.0,2.3,164.0,0.0,0,2026-06-02 11:59:58.000000,MSSIS,False,QUANTUS PD379,9992907,MSYI2,0.0,0.0,8.0,PETERHEAD,30,none
563086930,1.2551583,103.78507,0.1,331.7,124.0,0.0,5,2026-06-02 11:59:58.000000,MSSIS,False,PSA PISCES,1060344,9V9806,0.0,0.0,4.7,SG SIN PEBGA,52,none
246030000,53.030384,4.86091,3.5,49.7,53.0,0.0,7,2026-06-02 11:59:58.000000,MSSIS,False,WR2 DUNJALYNN,8985139,PBCL,0.0,0.0,0.0,,30,none
230942640,60.460133,21.91813,0.0,247.0,58.0,0.0,5,2026-06-02 11:59:58.000000,MSSIS,False,ROCKALL,0,OH6216,0.0,0.0,3.0,MERIMASKU KALASATAMA,30,none
211534110,52.52471,13.297135,0.0,0.0,511.0,-731.3865,0,2026-06-02 11:59:58.000000,MSSIS,False,ORANJE NASSAU,0,DC50500,0.0,0.0,0.0,BLN STADTRUNDFAHRT,69,none
525015925,-6.1024833,106.87558,0.1,212.1,511.0,-731.3865,5,2026-06-02 11:59:58.000000,MSSIS,False,MV PULAU NUNUKAN,9649598,P O G W,0.0,0.0,4.3,IDTPP,70,none
230025060,60.16356,-1.1583084,0.0,307.0,511.0,-731.3865,3,2026-06-02 11:59:58.000000,MSSIS,False,ROCKMATE,0,OJ6399,0.0,0.0,5.0,WORKING AREA,33,none
211215180,54.491386,10.087903,0.0,143.3,511.0,-731.3865,1,2026-06-02 11:59:58.000000,MSSIS,False,NOBILE,0,DIAN,0.0,0.0,2.9,DEECK,36,none
368011450,35.12455,-90.07638,0.0,360.0,511.0,-731.3865,0,2026-06-02 11:59:58.000000,MSSIS,False,MV KRISTIN,0,WDJ7927,0.0,0.0,0.0,KIRBY BOLIVAR,99,none
338794000,39.259712,-73.00825,16.3,43.8,45.0,-1.1160072,0,2026-06-02 11:59:58.000000,MSSIS,False,ARC INDEPENDENCE,9332925,WAIE,0.0,0.0,9.5,US DVV,0,none
257078960,70.28325,23.4007,0.0,151.6,260.0,720.00323,0,2026-06-02 11:59:59.000000,MSSIS,False,LYSHOLMEN,0,LF6519,0.0,0.0,3.2,TLF46917729,70,none
352002703,30.717194,-88.04178,0.0,244.3,350.0,0.0,5,2026-06-02 11:59:59.000000,MSSIS,False,LIGNUM MATRIX,9973042,3E5016,0.0,0.0,6.4,USMOB,70,none
367460360,30.08422,-93.32999,0.0,301.1,511.0,-731.3865,0,2026-06-02 11:59:59.000000,MSSIS,False,MR LANDON,303174162,WDF5184,0.0,0.0,2.3,LAKECHL,0,none
224248880,43.45414,-3.31937,1.4,132.2,511.0,-731.3865,15,2026-06-02 11:59:59.000000,MSSIS,False,ALVI,0,,0.0,0.0,0.9,AREA PESCA,30,none
440044920,35.119877,129.05046,0.1,285.5,511.0,-731.3865,8,2026-06-02 11:59:59.000000,MSSIS,False,NO21BUYOUNG,8998368,190026,0.0,0.0,5.3,BUSAN,80,none
249716000,42.431225,18.690248,0.0,2.1,167.0,0.0,1,2026-06-02 11:59:59.000000,MSSIS,False,NO STRESS,9932244,9HA6360,0.0,0.0,0.0,TIVAT,37,none
368234460,36.79819,-76.29098,0.0,126.2,511.0,-731.3865,11,2026-06-02 11:59:59.000000,MSSIS,False,JAMES K,0,WDM7482,0.0,0.0,3.4,NORFOLK VA,52,none
247415300,60.085037,24.35214,0.0,352.3,511.0,-731.3865,5,2026-06-02 11:59:59.000000,MSSIS,False,PRYSLEONARDAVINCI,9857315,IJVJ2,0.0,0.0,6.0,FIPIK,98,none
457384000,35.87696,14.499904,0.0,0.0,511.0,-731.3865,5,2026-06-02 11:59:59.000000,MSSIS,False,AL345,0,JVLL6,0.0,0.0,1.3,MALTALOO,0,none
247055200,37.172947,15.201168,0.0,325.0,511.0,-731.3865,0,2026-06-02 11:59:59.000000,MSSIS,False,FLLI FAZIO,9276444,IZGT,0.0,0.0,3.0,ITAUG,31,none
224021860,37.937916,-0.60815334,2.8,171.4,511.0,-731.3865,3,2026-06-02 11:59:59.000000,MSSIS,False,FE Y ESPERANZA II,0,EA8727,0.0,0.0,0.0,SANTA POLA,30,none
316020998,49.02503,-123.1479,0.0,64.7,210.0,0.0,5,2026-06-02 11:59:59.000000,MSSIS,False,OCEAN GRANVILLE,9833632,,0.0,0.0,6.0,VANCOUVER,52,none
538009536,35.71254,-0.63995,0.0,190.6,260.0,0.0,5,2026-06-02 11:59:59.000000,MSSIS,False,MANTA MELEK,9536856,V7A4860,0.0,0.0,10.2,DZ ORN,70,none
219733000,49.832996,-2.9207034,11.8,66.8,66.0,0.0,0,2026-06-02 11:59:59.000000,MSSIS,False,MAERSK ADRIATIC,9636632,OVTV2,0.0,0.0,11.0,NL RTM FOR ORDER,89,none
228190600,47.79301,-4.2798185,0.0,277.1,274.0,0.0,0,2026-06-02 11:59:59.000000,MSSIS,False,FV BOUGAINVILLE,0,FMAS,0.0,0.0,4.1,LE GUILVINEC,30,none
211158980,52.37859,4.9083185,0.0,360.0,270.0,0.0,5,2026-06-02 11:59:59.000000,MSSIS,False,TUI ARIA,0,DH3531,0.0,0.0,1.7,IJHAVEN,69,none
257061500,59.09162,11.233153,0.0,360.0,511.0,-731.3865,5,2026-06-02 11:59:59.000000,MSSIS,False,LOSIANA,0,3YAV,0.0,0.0,3.0,SPONVIKA,53,none
370211000,50.6708,1.3200667,11.6,48.0,44.0,0.0,0,2026-06-02 11:59:59.000000,MSSIS,False,GULF HUWAYLAT,9359870,3ERY5,0.0,0.0,11.4,BEANR,80,none
258498000,57.11937,8.59307,0.0,2.0,149.0,0.0,7,2026-06-02 11:59:59.000000,MSSIS,False,OESTAVIND,8882935,LANV,0.0,0.0,4.0,FISHING GROUND,30,none
244175000,53.33507,6.303187,0.0,165.8,295.0,0.0,0,2026-06-02 11:59:59.000000,MSSIS,False,LO7 ZWERVER,8529076,PBBD,0.0,0.0,3.3,FISHERYGRUNDE,30,none
265616910,56.107956,15.5906515,0.0,360.0,250.0,720.00323,0,2026-06-02 11:59:59.000000,MSSIS,False,KUNGSHOLM,0,SJPH,0.0,0.0,0.0,,0,none
244700665,49.51539,8.464487,0.0,360.0,511.0,-731.3865,5,2026-06-02 11:59:59.000000,MSSIS,False,NAVICELLA,0,PD4267,0.0,0.0,0.0,DORDRECHT,79,none
316005622,49.66277,-123.250854,0.0,360.0,511.0,-731.3865,0,2026-06-02 11:59:59.000000,MSSIS,False,WESTVIEW CHINOOK,0,VG3278,0.0,0.0,0.0,WOODFIBRE,31,none
211822990,54.29307,9.683012,0.6,200.9,342.0,-731.3865,0,2026-06-02 11:59:59.000000,MSSIS,False,SCHWEBEFAEHRE,0,DH3459,0.0,0.0,0.0,RENDSBURG,99,none
352001261,-5.991803,106.91299,0.2,268.3,358.0,2.187374,1,2026-06-02 11:59:59.000000,MSSIS,False,EVER OBEY,9919462,3E4009,0.0,0.0,8.2,IDSRGIDJKT,79,none
316014341,50.03163,-66.78952,0.0,244.8,344.0,0.0,0,2026-06-02 11:59:59.000000,MSSIS,False,OCEAN B JEANSONNE,9521526,CFN5374,0.0,0.0,5.7,PORTCARTIER,52,none
257041340,59.605465,5.5256834,0.0,360.0,511.0,-731.3865,0,2026-06-02 11:59:59.000000,MSSIS,False,KINE,0,LH2576,0.0,0.0,2.0,AALFJORDEN,79,none
352003533,24.621618,119.629715,3.7,205.6,214.0,0.0,0,2026-06-02 11:59:59.000000,MSSIS,False,TNS DEFENDER,9381160,HOA5675,0.0,0.0,3.8,KR GUNSAN,52,none
244183511,51.977608,5.905075,0.0,8.6,124.0,0.0,5,2026-06-02 11:59:59.000000,MSSIS,False,DUTCH MELODY,0,PH8640,0.0,0.0,1.5,KOBLENZ,69,none
316046329,49.231205,-122.77127,0.0,34.6,511.0,-731.3865,1,2026-06-02 11:59:59.000000,MSSIS,False,PITT KNIGHT,0,,0.0,0.0,0.0,LOCALWORK,90,none
259678000,59.004395,5.783533,8.0,216.9,222.0,720.00323,0,2026-06-02 11:59:59.000000,MSSIS,False,SYLVARNES,9219563,LLDG,0.0,0.0,0.0,BYOYENE,70,none
258215500,63.68747,8.76727,0.0,360.0,511.0,-731.3865,0,2026-06-02 11:59:59.000000,MSSIS,False,GOSPEL,0,LK5371,0.0,0.0,0.0,GAUSTAD,99,none
244690644,51.84569,5.822523,0.0,360.0,511.0,-731.3865,0,2026-06-02 11:59:59.000000,MSSIS,False,ANNA,0,PD3099,0.0,0.0,1.9,NIJMEGEN,52,none
244830741,51.821014,4.6928535,0.3,360.0,511.0,-731.3865,5,2026-06-02 11:59:59.000000,MSSIS,False,BUNKERSTATIONSLURINK,0,PE3221,0.0,0.0,0.0,DORDRECHT,99,none
256952000,43.26669,6.5880733,0.0,307.3,151.0,0.0,1,2026-06-02 11:59:59.000000,MSSIS,False,RILASSATA,9955557,9HA6037,0.0,0.0,24.0,COGOLIN,37,none
636023593,37.532875,-76.040565,16.5,3.0,3.0,0.0,0,2026-06-02 11:59:59.000000,MSSIS,False,LAKE WAKATIPU,1024871,5LOL6,0.0,0.0,9.3,USBAL,70,none
636026337,19.064032,-67.109795,13.2,292.6,290.0,-1.6070504,0,2026-06-02 11:59:59.000000,MSSIS,False,ORIS VIKTORIA,9476824,A8RY8,0.0,0.0,8.2,US HOU,80,none
316002527,46.3888,-63.78796,0.0,131.9,199.0,0.0,5,2026-06-02 11:59:59.000000,MSSIS,False,CAPE FOX,0,,0.0,0.0,1.3,SOURIS,51,none
316001103,46.048317,-73.11576,0.0,202.6,79.0,0.0,5,2026-06-02 11:59:59.000000,MSSIS,False,OCEAN COMEAU,7520322,VOVV,0.0,0.0,5.2,PORT SOREL,52,none
518999658,-36.840794,174.76001,0.0,131.2,223.0,0.0,1,2026-06-02 11:59:58.000000,MSSIS,False,2B,9815599,E5U5638,0.0,0.0,2.5,VIADUCT MARINA,37,none
374465000,9.396334,-79.818504,0.0,326.8,151.0,0.0,0,2026-06-02 11:59:58.000000,MSSIS,False,JC TRADER,9596545,3FVW6,0.0,0.0,6.0,CRISTOBAL,80,none
356484000,9.262243,-79.90128,0.0,360.0,511.0,-731.3865,0,2026-06-02 11:59:58.000000,MSSIS,False,PARITA I,9551480,TUGPT,0.0,0.0,0.0,PANAMA CANAL,52,none
305167000,55.704407,9.557368,0.0,11.4,106.0,0.0,5,2026-06-02 12:00:00.000000,MSSIS,False,KATI,9173214,V2QZ4,0.0,0.0,5.4,DK VEJ,70,none
205386470,51.22838,4.40631,0.0,360.0,511.0,0.0,15,2026-06-02 12:00:00.000000,MSSIS,False,,0,OQ3864,0.0,0.0,0.0,,37,none
461001004,-20.10539,57.446083,1.3,122.4,101.0,0.0,0,2026-06-02 12:00:00.000000,MSSIS,False,PERLE,9630028,A4HA6,0.0,0.0,9.8,FOR ORDERS,84,none
368354520,41.52291,-70.67133,0.0,75.9,264.0,0.0,0,2026-06-02 12:00:00.000000,MSSIS,False,MONOMOY,9472426,WDP4451,0.0,0.0,3.5,VINEYARD ROUTE,60,none
339079000,18.095718,-63.522896,9.1,260.7,511.0,0.0,15,2026-06-02 12:00:00.000000,MSSIS,False,,0,6YVY8,0.0,0.0,0.0,,37,none
338962449,55.28986,-131.95837,5.4,159.2,160.0,0.0,0,2026-06-02 12:00:00.000000,MSSIS,False,CGC DOUGLAS DENMAN,0,NDSD,0.0,0.0,3.0,,51,none
368922000,32.849857,-79.938545,0.0,0.0,55.0,0.0,5,2026-06-02 12:00:00.000000,MSSIS,False,CAPE DUCATO,7208297,WMHF,0.0,0.0,6.7,,75,none
367793490,38.259212,-85.75646,0.0,132.6,511.0,-731.3865,0,2026-06-02 12:00:00.000000,MSSIS,False,MARY M MILLER,0,WDJ6013,0.0,0.0,2.0,LOUISVILLEKY,60,none
267130902,44.11388,28.641623,0.0,354.8,511.0,-731.3865,0,2026-06-02 12:00:00.000000,MSSIS,False,CARITAS,0,LX2395,0.0,0.0,1.6,RO CND,80,none
255805561,54.47795,13.597584,0.0,91.1,12.0,0.0,0,2026-06-02 12:00:00.000000,MSSIS,False,VB FRITZI,9863924,CQSV,0.0,0.0,5.4,DEMUKRAN,52,none
276702000,59.498325,24.939278,0.1,112.1,511.0,-731.3865,0,2026-06-02 12:00:00.000000,MSSIS,False,AHTO26,0,ES2693,0.0,0.0,2.0,MEERUSE,99,none
352006425,54.52413,18.55797,0.0,146.3,265.0,0.0,5,2026-06-02 12:00:00.000000,MSSIS,False,MINKAR,9246176,HOA7848,0.0,0.0,3.2,PLGDY,99,none
440139410,35.01635,128.79555,9.6,335.1,337.0,0.0,8,2026-06-02 12:00:00.000000,MSSIS,False,SECHANG VENUS,9414553,Y200024,0.0,0.0,6.2,BUSANNPNTO6,88,none
319804000,42.433735,18.692823,0.0,25.0,511.0,0.0,5,2026-06-02 12:00:00.000000,MSSIS,False,WAVERUNNER,0,ZCTE7,0.0,0.0,2.0,TIVAT,37,none
261005793,54.52185,18.551113,0.0,360.0,511.0,0.0,15,2026-06-02 12:00:00.000000,MSSIS,False,,0,SPG5735,0.0,0.0,0.0,,36,none
306411145,18.030468,-63.085526,0.0,360.0,511.0,0.0,15,2026-06-02 12:00:00.000000,MSSIS,False,,0,,0.0,0.0,0.0,,37,none
368334850,18.073181,-63.08762,0.3,165.1,511.0,0.0,15,2026-06-02 12:00:00.000000,MSSIS,False,DREAMLINER,0,,0.0,0.0,0.0,,0,none
265610950,55.613777,12.997238,0.0,352.1,328.0,0.0,0,2026-06-02 12:00:00.000000,MSSIS,False,PILOT 213 SE,0,SCEP,0.0,0.0,1.5,SIMRISHAMN,50,none
227589880,18.074152,-63.08532,0.2,360.0,511.0,0.0,15,2026-06-02 12:00:00.000000,MSSIS,False,EPICURE,0,,0.0,0.0,0.0,,0,none
368038550,26.136547,-80.10788,0.3,360.0,511.0,0.0,15,2026-06-02 12:00:00.000000,MSSIS,False,,0,WDK2750,0.0,0.0,0.0,,37,none
503524400,18.047749,-63.094654,0.5,227.7,511.0,0.0,15,2026-06-02 12:00:00.000000,MSSIS,False,,0,,0.0,0.0,0.0,,36,none
261182155,53.861343,14.286141,0.0,0.0,511.0,-731.3865,15,2026-06-02 12:00:00.000000,MSSIS,False,KARSIBOR I,7606750,SR2155,0.0,0.0,3.5,,60,none
368050450,25.725574,-80.23321,0.0,360.0,511.0,0.0,15,2026-06-02 12:00:00.000000,MSSIS,False,,0,WDK3959,0.0,0.0,0.0,,37,none
228406800,6.8580766,-52.35322,18.1,307.4,313.0,-1.1160072,0,2026-06-02 12:00:00.000000,MSSIS,False,FREYCINET,9904211,FMOZ,0.0,0.0,8.1,FOR ORDERS,80,none
257927500,70.66362,23.683321,0.0,40.6,511.0,0.0,15,2026-06-02 12:00:00.000000,MSSIS,False,STORMFUGLEN,0,,0.0,0.0,0.0,,0,none
235113744,14.467803,-60.86688,0.0,100.4,511.0,0.0,15,2026-06-02 12:00:00.000000,MSSIS,False,,0,2IYE5,0.0,0.0,0.0,,36,none
413562760,25.268894,119.67696,9.7,288.4,286.0,0.0,0,2026-06-02 12:00:00.000000,MSSIS,False,LIAN RONG 01,0,BPJZ9,0.0,0.0,7.4,FUQING,70,none
368389990,37.78555,-122.26732,0.0,28.3,268.0,0.0,15,2026-06-02 12:00:00.000000,MSSIS,False,TALISMAN,0,,0.0,0.0,0.0,,0,none
276548000,58.38886,24.483877,0.0,360.0,511.0,-731.3865,5,2026-06-02 12:00:00.000000,MSSIS,False,AHTO20,0,ES2576,0.0,0.0,1.8,PARNU,50,none
244002106,51.767345,5.3502483,0.2,281.7,511.0,0.0,15,2026-06-02 12:00:00.000000,MSSIS,False,,0,PF4208,0.0,0.0,0.0,,37,none
265523300,57.05787,9.902226,0.0,360.0,511.0,0.0,15,2026-06-02 12:00:00.000000,MSSIS,False,SJOBRIS,0,,0.0,0.0,0.0,,0,none
368018870,26.716095,-80.04935,0.0,167.0,188.0,0.0,15,2026-06-02 12:00:00.000000,MSSIS,False,,0,WDJ8692,0.0,0.0,0.0,,37,none
563285800,31.480934,-117.42544,11.6,62.0,62.0,0.0,0,2026-06-02 12:00:00.000000,MSSIS,False,SEASPAN THAMES,9630377,9V9392,0.0,0.0,14.0,MXESE,70,none
368428830,25.76106,-80.144516,0.0,360.0,511.0,0.0,15,2026-06-02 12:00:00.000000,MSSIS,False,,0,MAUREVA,0.0,0.0,0.0,,37,none
224091490,36.7973,-6.75365,8.8,258.0,511.0,-731.3865,7,2026-06-02 12:00:00.000000,MSSIS,False,NINO JUAN MANUEL,0,,0.0,0.0,1.8,SANLUCAR,30,none
352005495,34.77396,127.78025,0.0,85.1,14.0,0.0,1,2026-06-02 12:00:00.000000,MSSIS,False,KWANGYANG FRONTIER,9715153,3E8749,0.0,0.0,5.8,KRKAN,70,none
563273500,5.3532767,-50.766903,11.6,297.9,301.0,0.0,0,2026-06-02 12:00:00.000000,MSSIS,False,NORSE HOKKAIDO,1046960,9VEF7,0.0,0.0,8.7,TTPTS,70,none
503076310,-27.516146,153.3333,6.1,130.8,511.0,0.0,15,2026-06-02 11:59:59.000000,MSSIS,False,TIME OUT,0,,0.0,0.0,0.0,,0,none
271041613,36.973392,27.435255,9.9,151.1,511.0,0.0,15,2026-06-02 11:59:59.000000,MSSIS,False,FAHRI KAPTAN2,0,,0.0,0.0,0.0,,0,none
311001995,36.03755,-7.577815,11.9,101.5,511.0,-731.3865,0,2026-06-02 12:00:00.000000,MSSIS,False,AN TAI,9297515,C6JW7,0.0,0.0,14.9,TANGIERMOROCCO,80,none
710000819,17.897257,-62.8501,0.0,360.0,242.0,720.00323,1,2026-06-02 12:00:00.000000,MSSIS,False,RAFFAELLA II,1169023,PR2590,0.0,0.0,2.1,ST BARTHS,37,none
503089520,7.8169885,98.362076,0.1,360.0,511.0,0.0,15,2026-06-02 11:59:59.000000,MSSIS,False,,0,JB278N,0.0,0.0,0.0,,36,none
636016238,14.754765,-61.49662,12.3,128.0,131.0,0.0,0,2026-06-02 12:00:00.000000,MSSIS,False,ATLANTIC REEFER,9179256,D5FE2,0.0,0.0,7.2,MQFDF,72,none
366978110,43.80094,-124.772675,6.6,354.8,350.0,0.0,7,2026-06-02 12:00:00.000000,MSSIS,False,PACIFIC FURY,76613636,WDP9862,0.0,0.0,3.6,SEATTLE,30,none
538007463,17.415207,65.21401,14.1,317.2,313.0,-2.187374,0,2026-06-02 12:00:00.000000,MSSIS,False,FRONT POLARIS,9791004,V7OZ7,0.0,0.0,8.4,SOHAR,80,none
350007622,25.729433,56.552135,0.0,360.0,511.0,-731.3865,0,2026-06-02 12:00:00.000000,MSSIS,False,AL TARF,1066922,H7A5,0.0,0.0,4.1,SHINAS,80,none
367119230,48.511097,-122.60838,0.0,360.0,511.0,-731.3865,8,2026-06-02 12:00:00.000000,MSSIS,False,NORQUEST,300000000,WDJ4041,0.0,0.0,2.7,KODIAK,30,none
244090711,52.2906,4.447642,7.1,197.0,511.0,-731.3865,7,2026-06-02 12:00:00.000000,MSSIS,False,IJM33 AVA,0,PDEH,0.0,0.0,1.3,IJMUIDEN,30,none
257465800,64.85871,11.227063,0.0,155.0,511.0,-731.3865,15,2026-06-02 12:00:00.000000,MSSIS,False,SUNNIVA,0,LG7113,0.0,0.0,0.0,,0,none
636091621,37.838776,23.484852,12.7,286.1,285.0,0.0,0,2026-06-02 12:00:00.000000,MSSIS,False,CONTI GREENLAND,9391397,A8QM9,0.0,0.0,7.5,SIKOPGRAGT,80,none
235101811,57.139793,-2.083845,0.0,270.0,270.0,0.0,5,2026-06-02 12:00:00.000000,MSSIS,False,AURORA POWER,9651890,2GZN4,0.0,0.0,5.0,GBABD,79,none
257176000,57.11972,8.59341,0.0,0.0,238.0,0.0,0,2026-06-02 12:00:00.000000,MSSIS,False,HELLEVIG I,9222405,LEUM,0.0,0.0,0.0,FISHING,30,none
232017576,37.12904,26.857573,0.0,360.0,511.0,0.0,15,2026-06-02 11:59:59.000000,MSSIS,False,SILHOUETTE,0,,0.0,0.0,0.0,,0,none
211889210,54.18182,12.087216,0.0,165.2,3.0,0.0,0,2026-06-02 12:00:00.000000,MSSIS,False,CARPE DIEM,0,DA3308,0.0,0.0,1.4,WARNEMUENDE,69,none
503003260,-27.533081,153.3311,20.0,236.6,234.0,0.0,15,2026-06-02 11:59:59.000000,MSSIS,False,YALINGBILA,0,,0.0,0.0,0.0,,0,none
367662460,38.46866,-81.81791,0.0,179.9,511.0,-731.3865,0,2026-06-02 12:00:00.000000,MSSIS,False,SHIRLEY,0,WDH8882,0.0,0.0,1.8,,52,none
319179400,26.139425,-80.10863,0.0,175.7,194.0,0.0,5,2026-06-02 12:00:00.000000,MSSIS,False,E IV,9855771,ZGKL3,0.0,0.0,2.5,PORT EVERGLADES,37,none
368099770,28.962997,-89.23812,0.1,282.1,511.0,-731.3865,1,2026-06-02 12:00:00.000000,MSSIS,False,WALTER CURE ELEVATOR,1253059,WDK9034,0.0,0.0,2.1,XX XXX,39,none
205770000,51.932346,4.1971283,0.0,358.1,129.0,0.0,5,2026-06-02 12:00:00.000000,MSSIS,False,ELISABETH,9442184,ONKB,0.0,0.0,5.3,PTSIENLRTM,80,none
319038600,43.589413,7.129385,0.0,360.0,52.0,0.0,5,2026-06-02 12:00:00.000000,MSSIS,False,GLOW,0,ZGBY6,0.0,0.0,1.6,,37,none
241656000,37.91533,23.704384,0.0,282.7,511.0,-731.3865,5,2026-06-02 11:59:59.000000,MSSIS,False,MILGAUSS,8546610,SVA8865,0.0,0.0,2.5,ALIMOS,37,none
240735100,37.88338,24.73449,0.1,245.5,202.0,0.0,0,2026-06-02 11:59:59.000000,MSSIS,False,PROTUG 33,9513244,SVB6345,0.0,0.0,3.5,GAVRIO TOW 15OM,52,none
503097380,-40.76818,145.30278,0.1,265.6,511.0,0.0,15,2026-06-02 12:00:00.000000,MSSIS,False,MASEL HARDY,0,,0.0,0.0,0.0,,0,none
210472000,-20.100927,118.56172,0.0,10.2,91.0,-0.17856115,1,2026-06-02 12:00:00.000000,MSSIS,False,SEABREEZE,9881110,5BKX6,0.0,0.0,9.3,AUPHE,70,none
257076980,-43.42353,147.14035,0.0,75.0,356.0,0.0,0,2026-06-02 12:00:00.000000,MSSIS,False,AQUA SPA,9839337,LFGH3,0.0,0.0,7.0,TASSAL FISH FARMS,75,none
422230109,24.990637,56.85742,0.0,329.3,511.0,0.0,15,2026-06-02 12:00:01.000000,MSSIS,False,ARSEIN,0,69,0.0,0.0,0.0,,30,none
538072741,37.696922,24.059168,0.0,245.5,264.0,0.0,15,2026-06-02 12:00:01.000000,MSSIS,False,BOOBALE,0,,0.0,0.0,0.0,,0,none
548355700,14.970923,119.993706,3.8,186.9,197.0,0.0,8,2026-06-02 12:00:00.000000,MSSIS,False,BTC MOUNT ARAYAT,9825283,DUA3774,0.0,0.0,5.6,MHC PIER 5,70,none
261005901,54.521526,18.550732,0.0,360.0,511.0,0.0,15,2026-06-02 12:00:01.000000,MSSIS,False,,0,SPG5747,0.0,0.0,0.0,,36,none
636022866,1.3100417,104.10952,0.0,6.6,89.0,0.0,1,2026-06-02 12:00:01.000000,MSSIS,False,BRAVE,9335068,5LKU7,0.0,0.0,8.0,MY TLA,80,none
305033300,49.482513,-2.5123734,0.0,73.4,343.0,0.0,5,2026-06-02 12:00:01.000000,MSSIS,False,LIVA GRETA,8801072,V2B2033,0.0,0.0,3.5,GGGCI,70,none
232013509,47.870605,-3.9134433,0.0,360.0,511.0,0.0,15,2026-06-02 12:00:01.000000,MSSIS,False,KATE,0,,0.0,0.0,0.0,,0,none
574003810,14.57953,120.93316,0.0,113.6,226.0,0.0,1,2026-06-02 12:00:01.000000,MSSIS,False,ROSA,9191785,3WWG7,0.0,0.0,4.8,PHMNL,81,none
251860440,64.92419,-23.813679,0.0,112.3,23.0,0.0,0,2026-06-02 12:00:01.000000,MSSIS,False,BJORG,0,TFSL,0.0,0.0,0.0,RIF,51,none
538071939,43.78804,7.600392,0.0,205.8,311.0,0.0,5,2026-06-02 12:00:01.000000,MSSIS,False,PROVOCATEUR,9802798,V7A6244,0.0,0.0,2.4,ITVEN,90,none
366864250,60.119083,-149.43153,0.0,92.1,356.0,0.0,15,2026-06-02 12:00:01.000000,MSSIS,False,CHAHUNTA,0,WDA9354,0.0,0.0,4.3,XX XXX,52,none
228454700,43.170723,5.611173,0.0,360.0,511.0,0.0,15,2026-06-02 12:00:01.000000,MSSIS,False,,0,FMXQ,0.0,0.0,0.0,,36,none
538001665,43.28342,6.9652267,14.9,32.4,32.0,0.0,0,2026-06-02 12:00:01.000000,MSSIS,False,NAUTICA,9200938,V7DM4,0.0,0.0,5.9,FRNCE,60,none
227313860,44.644665,-1.0675883,0.0,257.9,339.0,0.0,4,2026-06-02 12:00:01.000000,MSSIS,False,TREZENCE,9098359,FW8662,0.0,0.0,1.7,OLERON,33,none
338328513,39.024273,-76.53528,0.0,91.9,511.0,0.0,15,2026-06-02 12:00:01.000000,MSSIS,False,,0,,0.0,0.0,0.0,,37,none
367119810,29.328764,-94.77335,0.0,315.8,511.0,-731.3865,5,2026-06-02 12:00:01.000000,MSSIS,False,ROBERT C LANIER,8643224,WAT3621,0.0,0.0,3.3,BOLIVAR  GALVESTON,0,none
276811000,58.46144,22.050316,0.0,176.0,343.0,0.0,5,2026-06-02 12:00:01.000000,MSSIS,False,RYTAS,8854213,ESNC,0.0,0.0,3.6,CPA 05NM,30,none
563231100,36.960293,-75.548904,13.0,219.3,222.0,2.187374,0,2026-06-02 12:00:01.000000,MSSIS,False,MAERSK FREDERICIA,9969077,9V8565,0.0,0.0,10.8,USORF,74,none
228294030,41.37478,9.224089,0.1,360.0,511.0,0.0,15,2026-06-02 12:00:01.000000,MSSIS,False,,0,,0.0,0.0,0.0,,37,none
244189000,54.855392,10.522203,0.0,360.0,511.0,-731.3865,5,2026-06-02 12:00:01.000000,MSSIS,False,IRIS,8334990,PEGO,0.0,0.0,2.8,DEKEL,36,none
316041149,37.303974,-76.45498,0.0,360.0,511.0,0.0,15,2026-06-02 12:00:01.000000,MSSIS,False,,0,,0.0,0.0,0.0,,37,none
238161040,43.044857,16.085873,3.3,258.0,511.0,-731.3865,15,2026-06-02 12:00:01.000000,MSSIS,False,ONYX,0,9A3370,0.0,0.0,0.0,,0,none
636021244,34.823917,128.99022,11.8,91.6,91.0,-0.4017626,0,2026-06-02 12:00:01.000000,MSSIS,False,YM TOGETHER,9789984,5LCZ4,0.0,0.0,14.0,KR PUSPA PNCUS NYC,74,none
368114220,48.670963,-123.405266,0.0,360.0,511.0,0.0,15,2026-06-02 12:00:01.000000,MSSIS,False,,0,WDL2661,0.0,0.0,0.0,,37,none
538007747,36.51942,-6.2538667,0.0,300.3,287.0,0.0,5,2026-06-02 12:00:01.000000,MSSIS,False,PALANCA RIVER,9815458,V7DR6,0.0,0.0,6.8,ESCADGRAGT,80,none
538071163,43.735195,7.423907,0.0,272.7,75.0,0.0,5,2026-06-02 12:00:01.000000,MSSIS,False,CORAL OCEAN,1004833,V7TI5,0.0,0.0,3.8,IT VEN  MC MON,37,none
354602000,39.27162,1.291205,9.5,105.2,102.0,0.0,0,2026-06-02 12:00:01.000000,MSSIS,False,MEDKON GEMLIK,9103350,3EED3,0.0,0.0,6.1,DZSKI,79,none
586706493,71.59698,30.086191,1.0,228.4,511.0,0.0,15,2026-06-02 12:00:01.000000,MSSIS,False,,0,,0.0,0.0,0.0,,0,none
244750286,52.383945,4.927485,0.0,317.4,511.0,-731.3865,0,2026-06-02 12:00:01.000000,MSSIS,False,IJVEER 54,0,PH2789,0.0,0.0,2.4,HEEN EN WEER,60,none
367558410,29.73556,-95.20351,0.0,123.8,123.0,0.0,12,2026-06-02 12:00:01.000000,MSSIS,False,ERIN C GRENON,0,WDN7382,0.0,0.0,2.7,KMI PASADENA,57,none
368453530,29.550137,-95.02587,0.0,204.2,511.0,0.0,15,2026-06-02 12:00:01.000000,MSSIS,False,PATCHWORK,0,,0.0,0.0,0.0,,0,none
219448000,54.60772,11.3710165,1.2,124.5,137.0,0.0,0,2026-06-02 12:00:01.000000,MSSIS,False,GUARD VESSEL ARRIVER,9669005,OWKJ2,0.0,0.0,2.0,GUARD VESSEL FEHMARN,90,none
636018071,-29.880604,31.027964,0.0,200.4,201.0,0.0,5,2026-06-02 12:00:01.000000,MSSIS,False,MSC ADITI,9235581,D5OA6,0.0,0.0,10.1,DURBAN,71,none
211206400,52.859043,5.698993,0.0,360.0,511.0,0.0,15,2026-06-02 12:00:01.000000,MSSIS,False,,0,DF5000,0.0,0.0,0.0,,37,none
244020543,51.268642,3.8721716,0.0,360.0,511.0,-731.3865,5,2026-06-02 12:00:01.000000,MSSIS,False,LIQUIDOS,0,PD3786,0.0,0.0,0.0,OOSTERHOUT,99,none
368155170,29.788654,-90.06412,3.1,346.5,345.0,0.0,12,2026-06-02 12:00:01.000000,MSSIS,False,TRACEE LYNN,0,WDL6903,0.0,0.0,2.8,US06QE11RC,57,none
503544000,-12.471182,130.84682,0.0,79.1,511.0,-731.3865,5,2026-06-02 12:00:01.000000,MSSIS,False,MATARANKA,9366914,VJSH,0.0,0.0,5.4,DARWIN,52,none
416000625,21.359976,121.33554,2.4,71.9,511.0,-731.3865,0,2026-06-02 12:00:01.000000,MSSIS,False,MAAN FUH TZAY,0,BK7508,0.0,0.0,1.5,,30,none
667003335,22.60082,120.19878,7.6,135.9,135.0,0.0,0,2026-06-02 12:00:01.000000,MSSIS,False,TAI SHUEN,9033555,9LY2532,0.0,0.0,5.2,KAOHSIUNG,80,none
567002160,13.054836,100.887375,0.0,29.2,93.0,-731.3865,0,2026-06-02 12:00:02.000000,MSSIS,False,TUG602,7913684,HSB5960,0.0,0.0,3.2,BANGKOK,52,none
211513520,53.95497,10.870327,1.7,298.2,511.0,-731.3865,0,2026-06-02 12:00:02.000000,MSSIS,False,POETENITZ,0,DD9694,0.0,0.0,1.3,TRAVEMUEMDE,60,none
238117140,43.05221,15.40124,3.2,162.5,511.0,-731.3865,7,2026-06-02 12:00:02.000000,MSSIS,False,PETER PAN,8991475,9A7677,0.0,0.0,3.0,ADRIATIC SEA,30,none
238048910,43.0586,16.197916,0.0,150.2,511.0,-1.1160072,5,2026-06-02 12:00:02.000000,MSSIS,False,,0,9AA3466,0.0,0.0,0.0,,36,none
414065000,14.614747,120.80159,0.0,109.9,191.0,0.0,1,2026-06-02 12:00:02.000000,MSSIS,False,CHANG HANG RUN HAI,9628726,BULL,0.0,0.0,10.1,PH MNL,70,none
215233000,51.41428,2.9872718,14.0,274.4,275.0,0.0,0,2026-06-02 12:00:02.000000,MSSIS,False,AGIOI FANENDES,9798375,9HA5024,0.0,0.0,8.8,WESTHINDER,80,none
538010796,36.310226,19.502592,17.0,270.7,269.0,0.0,0,2026-06-02 12:00:02.000000,MSSIS,False,SHEKOU STAR,9322322,V7A7442,0.0,0.0,10.9,MACAS,71,none
229708000,41.821533,39.83319,0.8,91.2,33.0,-0.044640288,0,2026-06-02 12:00:02.000000,MSSIS,False,SEAMAJESTY,9601223,9HA5572,0.0,0.0,9.5,CHEVRONDSTCPC TERM,80,none
249488000,44.097157,9.858565,0.0,179.4,249.0,0.0,5,2026-06-02 12:00:02.000000,MSSIS,False,JASALI II,8742537,9HA4263,0.0,0.0,4.0,IT SPE,37,none
273532110,54.67421,20.144163,0.0,360.0,511.0,-731.3865,5,2026-06-02 12:00:02.000000,MSSIS,False,KURSHSKAYA KOSA,8607206,UBCI,0.0,0.0,6.2,RU SVETLYY,30,none
247914000,44.09771,9.827155,0.0,113.1,511.0,-731.3865,3,2026-06-02 12:00:02.000000,MSSIS,False,AMMIRAGLIO MAGNAGHI,8642751,IGMA,0.0,0.0,3.8,OPAREA,36,none
440009000,24.219168,-16.38324,11.6,29.7,31.0,0.0,0,2026-06-02 12:00:02.000000,MSSIS,False,HMM DRIVE,9637246,D7DV,0.0,0.0,15.3,SGSINMAPTM,70,none
620800004,24.991795,56.85184,0.1,62.5,511.0,-731.3865,2,2026-06-02 12:00:02.000000,MSSIS,False,LPGC SARAH,9014420,D604004,0.0,0.0,10.5,DJIBOUTI,80,none
319125900,39.490036,2.4764633,0.0,146.4,511.0,0.0,15,2026-06-02 12:00:01.000000,MSSIS,False,,0,ZGHB9,0.0,0.0,0.0,,37,none
257923000,65.624855,-23.825462,0.0,354.0,252.0,0.0,0,2026-06-02 12:00:02.000000,MSSIS,False,FOSNAKONGEN,9739721,3YYH,0.0,0.0,0.0,PATRO,99,none
622110394,37.013573,3.2107534,6.5,254.4,511.0,-731.3865,0,2026-06-02 12:00:02.000000,MSSIS,False,WATANIA 18,8469795,,0.0,0.0,3.0,SIERRA LEONE,30,none
219022847,55.03358,10.54118,0.3,360.0,511.0,0.0,15,2026-06-02 12:00:01.000000,MSSIS,False,,0,XPE9091,0.0,0.0,0.0,,37,none
312088000,24.633333,56.746334,0.0,278.0,218.0,0.0,1,2026-06-02 12:00:02.000000,MSSIS,False,LUCKY WEALTH,9182162,V3IU2,0.0,0.0,7.0,SOHAR,0,none
219011224,55.952686,8.36865,3.4,51.8,51.0,0.0,15,2026-06-02 12:00:01.000000,MSSIS,False,,0,XPC3872,0.0,0.0,0.0,,52,none
305591000,37.64067,7.697755,5.5,271.9,271.0,0.0,3,2026-06-02 12:00:02.000000,MSSIS,False,GH FREEDOM,9439929,V2EX7,0.0,0.0,6.9,STAVANGERNORWAY,31,none
266119000,59.32725,18.080381,0.0,0.0,511.0,0.0,15,2026-06-02 12:00:01.000000,MSSIS,False,,0,SBUC,0.0,0.0,0.0,,37,none
224312940,37.212215,-1.7555283,0.4,236.1,511.0,-731.3865,15,2026-06-02 12:00:02.000000,MSSIS,False,MAR I VELA,0,EB6906,0.0,0.0,1.4,,30,none
636017828,24.699179,-95.676,12.8,38.3,43.0,0.0,0,2026-06-02 12:00:02.000000,MSSIS,False,STOLT KIRI,9266231,D5MW8,0.0,0.0,7.1,US HOU,80,none
232027975,41.557945,2.5065932,0.0,360.0,511.0,0.0,15,2026-06-02 12:00:01.000000,MSSIS,False,MY DESIRE,0,,0.0,0.0,0.0,,0,none
314001136,35.10252,-1.864935,0.0,181.0,169.0,0.0,5,2026-06-02 12:00:02.000000,MSSIS,False,OCEAN ARSENAL,9635248,8PZX7,0.0,0.0,9.9,DZGHA,70,none
629009484,25.853376,56.941673,0.1,97.0,97.0,0.0,1,2026-06-02 12:00:02.000000,MSSIS,False,BILI,9285756,C5J496,0.0,0.0,8.0,KHORFAKKAN OPL,89,none
209994000,36.660187,12.665522,0.2,360.0,511.0,-731.3865,0,2026-06-02 12:00:02.000000,MSSIS,False,ARCHANGELOS MICHAEL,0,5BNH5,0.0,0.0,0.0,,30,none
367524230,32.103245,-80.89692,0.0,297.3,511.0,0.0,15,2026-06-02 12:00:01.000000,MSSIS,False,,0,,0.0,0.0,0.0,,90,none
368109640,38.85438,-76.18658,0.0,355.9,511.0,0.0,15,2026-06-02 12:00:01.000000,MSSIS,False,,0,WDL2172,0.0,0.0,0.0,,37,none
503156440,-27.869816,153.33208,0.0,360.0,511.0,0.0,15,2026-06-02 12:00:01.000000,MSSIS,False,,0,VMQ9805,0.0,0.0,0.0,,36,none
255915758,42.862293,-9.775603,10.3,5.4,5.0,-720.00323,0,2026-06-02 12:00:02.000000,MSSIS,False,GRETA C,1031020,CQ2216,0.0,0.0,5.6,PL SZZ,70,none
503114700,-16.9414,145.77647,0.0,184.9,511.0,0.0,15,2026-06-02 12:00:01.000000,MSSIS,False,,0,,0.0,0.0,0.0,,30,none
215111000,54.33636,13.843707,0.4,343.9,71.0,0.0,3,2026-06-02 12:00:02.000000,MSSIS,False,KOMODO,9328273,9HA4961,0.0,0.0,5.1,CPA 500 M,99,none
265504700,56.659824,12.853078,0.0,284.2,208.0,0.0,0,2026-06-02 12:00:02.000000,MSSIS,False,PILOT 742SE,0,SFYO,0.0,0.0,1.5,,50,none
352491000,23.647306,58.56388,0.1,84.5,206.0,0.0,1,2026-06-02 12:00:02.000000,MSSIS,False,PRINCE IX,9133599,HPFA,0.0,0.0,4.2,PSQ,80,none
255806396,65.68473,-18.077066,0.1,320.1,263.0,0.0,0,2026-06-02 12:00:02.000000,MSSIS,False,GREG MORTIMER,9834648,CQEI9,0.0,0.0,5.2,IS AKU,60,none
416003066,22.264683,120.53396,6.9,337.1,511.0,0.0,15,2026-06-02 12:00:01.000000,MSSIS,False,MING TSAIR FA NO 7,0,,0.0,0.0,0.0,,0,none
257674600,64.94623,11.368999,0.0,360.0,511.0,-731.3865,0,2026-06-02 12:00:02.000000,MSSIS,False,GEDENIUS,0,LK7561,0.0,0.0,2.0,SALMAR FISHFARMS,70,none
265746040,38.951385,20.766665,0.0,235.8,511.0,0.0,15,2026-06-02 12:00:02.000000,MSSIS,False,,0,SIHP,0.0,0.0,0.0,,36,none
251309000,66.06791,-23.117796,0.0,352.0,118.0,0.0,15,2026-06-02 12:00:02.000000,MSSIS,False,FALKI BA45,0,TF TI,0.0,0.0,0.0,,30,none
219028256,57.332733,10.534503,0.0,360.0,511.0,0.0,15,2026-06-02 12:00:02.000000,MSSIS,False,ARIEL,0,,0.0,0.0,0.0,,0,none
671436100,24.990637,56.85742,0.0,334.5,0.0,0.0,2,2026-06-02 12:00:02.000000,MSSIS,False,ASTRA,1038858,5VJA2,0.0,0.0,4.0,WAITING FOR ORDER,80,none
219029112,55.963818,11.846,0.0,360.0,9.0,0.0,15,2026-06-02 12:00:02.000000,MSSIS,False,,0,XPH7594,0.0,0.0,0.0,,36,none
367355240,29.967613,-90.26698,0.0,272.5,267.0,0.0,5,2026-06-02 12:00:02.000000,MSSIS,False,OLD GLORY,0,WDE4587,0.0,0.0,3.3,US0DEB0E9A,57,none
219034220,56.125595,12.312527,0.0,0.0,511.0,0.0,15,2026-06-02 12:00:02.000000,MSSIS,False,VILLA II,0,,0.0,0.0,0.0,,0,none
205568590,51.45814,4.008905,2.7,168.8,167.0,0.0,0,2026-06-02 12:00:02.000000,MSSIS,False,BEETHOVEN,0,OT5685,0.0,0.0,3.0,EVERINGEN,80,none
367160840,57.78439,-152.42227,0.0,249.6,511.0,-731.3865,0,2026-06-02 12:00:02.000000,MSSIS,False,CARAVELLE,7732614,WDD5606,0.0,0.0,3.5,KODIAK,30,none
538010430,37.158573,-75.465935,3.5,103.0,92.0,2.187374,2,2026-06-02 12:00:02.000000,MSSIS,False,RUBY ETERNITY,9950428,V7A6028,0.0,0.0,7.0,US BAL,70,none
265512050,57.829647,11.604115,2.9,148.4,511.0,0.0,15,2026-06-02 12:00:02.000000,MSSIS,False,VILLOU,0,,0.0,0.0,0.0,,0,none
261005071,38.76223,1.172745,6.3,256.2,511.0,0.0,15,2026-06-02 12:00:02.000000,MSSIS,False,,0,SPA6010,0.0,0.0,0.0,,36,none
265786280,57.35586,11.9601,0.0,360.0,511.0,0.0,15,2026-06-02 12:00:02.000000,MSSIS,False,,0,SF3536,0.0,0.0,0.0,,37,none
367731920,46.914295,-124.457085,0.6,178.4,130.0,0.0,15,2026-06-02 12:00:02.000000,MSSIS,False,,0,WDI7756,0.0,0.0,0.0,,30,none
368453010,30.670912,-81.46626,0.0,349.3,511.0,0.0,15,2026-06-02 12:00:02.000000,MSSIS,False,,0,WDQ7454,0.0,0.0,0.0,,37,none
338411915,30.402815,-87.2135,0.0,101.9,66.0,0.0,15,2026-06-02 12:00:02.000000,MSSIS,False,,0,,0.0,0.0,0.0,,37,none
235070426,51.229588,2.9241467,102.3,360.0,8.0,0.0,15,2026-06-02 12:00:02.000000,MSSIS,False,SWEETSMILE,0,,0.0,0.0,0.0,,0,none
338526672,38.9489,-74.90839,0.0,360.0,511.0,0.0,15,2026-06-02 12:00:02.000000,MSSIS,False,,0,,0.0,0.0,0.0,,37,none
219001362,55.711227,12.626872,0.1,135.6,333.0,0.0,0,2026-06-02 12:00:03.000000,MSSIS,False,JETTE SAJ,9019016,OUVS,0.0,0.0,3.0,DKCPH,38,none
211662900,55.26097,9.730614,0.0,338.5,511.0,0.0,15,2026-06-02 12:00:03.000000,MSSIS,False,,0,DG6370,0.0,0.0,0.0,,36,none
205482390,51.246296,4.3791366,0.1,360.0,511.0,-731.3865,0,2026-06-02 12:00:03.000000,MSSIS,False,MAC 6,0,OT4823,0.0,0.0,1.0,,90,none
211748350,36.541695,-4.6162,0.0,360.0,511.0,0.0,15,2026-06-02 12:00:03.000000,MSSIS,False,,0,DHHQ2,0.0,0.0,0.0,,37,none
244750739,51.5441,3.9507217,10.8,303.1,309.0,720.00323,7,2026-06-02 12:00:03.000000,MSSIS,False,YE24 SARAHMAURITS,0,PI 3682,0.0,0.0,1.0,FISHING GROUNDS,30,none
211489640,51.2419,4.4486566,0.0,48.0,339.0,0.0,5,2026-06-02 12:00:03.000000,MSSIS,False,STELLA,0,DC4885,0.0,0.0,0.0,,20,none
265625770,59.33927,18.140781,0.0,218.2,235.0,0.0,5,2026-06-02 12:00:03.000000,MSSIS,False,LANGBJORN,0,SDFK,0.0,0.0,1.8,LOUDDEN,89,none
338467777,38.676514,-77.251915,0.0,360.0,511.0,0.0,15,2026-06-02 12:00:03.000000,MSSIS,False,SALTY BREEZE,0,,0.0,0.0,0.0,,0,none
563279900,36.3936,-2.4548616,10.0,260.8,260.0,0.0,0,2026-06-02 12:00:03.000000,MSSIS,False,SEASPAN EMISSARY,9407158,9VMT9,0.0,0.0,13.5,MAPTM,71,none
338302941,39.37753,-74.42684,0.1,153.9,511.0,0.0,15,2026-06-02 12:00:03.000000,MSSIS,False,,0,,0.0,0.0,0.0,,37,none
503638700,-26.691853,153.12056,0.0,209.1,511.0,0.0,15,2026-06-02 12:00:03.000000,MSSIS,False,KESHI,0,,0.0,0.0,0.0,,0,none
338087117,33.74714,-118.21563,0.1,296.6,511.0,0.0,15,2026-06-02 12:00:03.000000,MSSIS,False,,0,,0.0,0.0,0.0,,37,none
338184024,33.9754,-118.45262,0.0,320.9,511.0,0.0,15,2026-06-02 12:00:03.000000,MSSIS,False,HUCKLEBERRY,0,,0.0,0.0,0.0,,0,none
257307220,65.47364,12.207077,0.0,0.0,511.0,0.0,15,2026-06-02 12:00:03.000000,MSSIS,False,,0,LM 5850,0.0,0.0,0.0,,30,none
338412656,37.8414,-122.31205,0.0,360.0,511.0,0.0,15,2026-06-02 12:00:03.000000,MSSIS,False,,0,,0.0,0.0,0.0,,36,none
211473820,52.069397,5.09041,0.0,360.0,511.0,-731.3865,5,2026-06-02 12:00:03.000000,MSSIS,False,EILTANK 231,5501570,DC3723,0.0,0.0,1.5,GODORF,80,none
367408230,40.680996,-74.012375,0.0,360.0,511.0,0.0,15,2026-06-02 12:00:03.000000,MSSIS,False,CLIPPER CITY,0,,0.0,0.0,0.0,,0,none
257037300,61.1765,6.8601117,0.0,175.7,121.0,0.0,0,2026-06-02 12:00:03.000000,MSSIS,False,RS UNI SOGNEFJORD,0,LF6140,0.0,0.0,0.0,,51,none
369273000,32.181503,-80.729,0.0,312.9,511.0,0.0,15,2026-06-02 12:00:03.000000,MSSIS,False,,0,WDQ4842,0.0,0.0,0.0,,36,none
240603600,37.28317,25.262337,4.8,3.9,511.0,0.0,15,2026-06-02 12:00:03.000000,MSSIS,False,SEVENTH HEAVEN,0,,0.0,0.0,0.0,,0,none
211786100,54.241337,13.907487,0.0,171.4,105.0,0.0,5,2026-06-02 12:00:03.000000,MSSIS,False,BERTHOLD BEITZ,0,DBAE,0.0,0.0,1.5,SAR IN OPERATION,51,none
567002568,7.833832,98.41039,0.1,0.0,511.0,0.0,15,2026-06-02 12:00:03.000000,MSSIS,False,,0,HSB5720,0.0,0.0,0.0,,60,none
247485900,38.211147,15.562458,0.0,330.6,250.0,0.0,0,2026-06-02 12:00:03.000000,MSSIS,False,PIETRO MONDELLO,9977206,IBBH,0.0,0.0,4.2,ITMSNITVSG,60,none
319211900,37.87221,20.75998,0.1,360.0,511.0,0.0,15,2026-06-02 12:00:03.000000,MSSIS,False,TT AILY,0,,0.0,0.0,0.0,,0,none
218012740,37.39534,25.256325,0.2,10.3,511.0,0.0,15,2026-06-02 12:00:03.000000,MSSIS,False,SAMEERA 2,0,,0.0,0.0,0.0,,0,none
258446000,65.91491,12.08697,0.0,243.4,156.0,0.0,0,2026-06-02 12:00:03.000000,MSSIS,False,TORVAAG,6904935,LAJB,0.0,0.0,3.0,CALL CH 16,72,none
503188270,-17.604292,146.12395,0.4,302.4,511.0,0.0,15,2026-06-02 12:00:02.000000,MSSIS,False,,0,FERAL,0.0,0.0,0.0,,36,none
368421040,47.795223,-122.49655,0.0,275.8,130.0,0.0,15,2026-06-02 12:00:03.000000,MSSIS,False,,0,WDQ3922,0.0,0.0,0.0,,37,none
212433000,1.256675,104.12142,11.3,80.5,80.0,0.0,0,2026-06-02 12:00:03.000000,MSSIS,False,NORDLEOPARD,9626261,5BEM4,0.0,0.0,8.9,PHSFS,71,none
338185308,32.13866,-80.812126,1.4,280.3,511.0,0.0,15,2026-06-02 12:00:03.000000,MSSIS,False,BORN TO BE WEIL,0,,0.0,0.0,0.0,,0,none
215496000,39.104523,9.0587435,0.0,32.3,334.0,0.0,1,2026-06-02 12:00:03.000000,MSSIS,False,MT MED BLUE JAY,9544346,9HA5142,0.0,0.0,6.5,ITPFX,89,none
316035336,54.312977,-130.26448,0.2,72.3,511.0,0.0,15,2026-06-02 12:00:03.000000,MSSIS,False,ON THE HOOK,0,,0.0,0.0,0.0,,0,none
538007482,48.477234,-127.16344,14.9,92.0,90.0,1.1160072,0,2026-06-02 12:00:03.000000,MSSIS,False,HYUNDAI FORWARD,9330707,V7PX2,0.0,0.0,13.2,CAVAN,70,none
316038703,47.112762,-60.63265,5.1,315.0,511.0,0.0,15,2026-06-02 12:00:03.000000,MSSIS,False,,0,,0.0,0.0,0.0,,30,none
316051108,54.02722,-128.61095,0.0,283.5,511.0,0.0,15,2026-06-02 12:00:03.000000,MSSIS,False,,0,,0.0,0.0,0.0,,37,none
563314800,1.2787184,103.95335,0.1,275.0,220.0,-1.1160072,5,2026-06-02 12:00:03.000000,MSSIS,False,EM SHARLOTTE,1072672,9VBA6,0.0,0.0,7.4,SGPAEBC,80,none
316050858,49.153408,-125.89949,0.0,349.7,511.0,0.0,15,2026-06-02 12:00:03.000000,MSSIS,False,AMY LOUISE,0,,0.0,0.0,0.0,,0,none
319290100,43.563847,7.07897,0.0,360.0,511.0,0.0,15,2026-06-02 12:00:03.000000,MSSIS,False,SHARKY,0,,0.0,0.0,0.0,,0,none
251139640,64.10437,-13.98196,1.6,217.7,511.0,-731.3865,7,2026-06-02 12:00:03.000000,MSSIS,False,SERA ARNI,0,2394,0.0,0.0,0.0,SANDGERDI,99,none
316057274,47.556126,-52.711178,0.0,360.0,511.0,0.0,15,2026-06-02 12:00:03.000000,MSSIS,False,,0,,0.0,0.0,0.0,,52,none
601045000,-33.901638,18.42517,0.0,323.8,318.0,0.0,5,2026-06-02 12:00:03.000000,MSSIS,False,ALGOA,7410369,ZR4311,0.0,0.0,5.6,CAPE TOWN,30,none
228255260,43.410965,3.73557,0.0,360.0,107.0,0.0,15,2026-06-02 12:00:03.000000,MSSIS,False,,0,FAL4936,0.0,0.0,0.0,,36,none
477652800,19.942465,65.24651,3.8,59.0,329.0,-720.00323,0,2026-06-02 12:00:03.000000,MSSIS,False,SEA AMBITION,9407043,VRMK3,0.0,0.0,6.2,CHINESE CREW ONBOARD,82,none
255806319,38.064983,-11.855469,12.3,194.9,195.0,0.7142446,0,2026-06-02 12:00:03.000000,MSSIS,False,MONTE SERANTES,9841615,CQAZ5,0.0,0.0,17.1,SGSIN,80,none
228209630,43.07855,5.92503,0.0,360.0,511.0,0.0,15,2026-06-02 12:00:03.000000,MSSIS,False,,0,FAK8014,0.0,0.0,0.0,,36,none
257987000,60.39898,5.316807,0.0,321.9,321.0,0.0,5,2026-06-02 12:00:03.000000,MSSIS,False,KV HOPEN,9911707,LBNC,0.0,0.0,6.0,COASTGUARD,55,none
367616040,27.824602,-97.44656,0.0,134.9,511.0,0.0,5,2026-06-02 12:00:03.000000,MSSIS,False,LEISA GAIL STRAFUSS,1243633,WDH4277,0.0,0.0,3.1,HOUSTON,52,none
367353090,37.91285,-122.3646,0.1,186.0,174.0,0.0,5,2026-06-02 12:00:03.000000,MSSIS,False,SUNSHINE STATE,9408114,WDE4432,0.0,0.0,10.9,SAN FRANCISCO CA,80,none
211471880,54.293297,9.676111,0.0,212.8,511.0,-731.3865,5,2026-06-02 12:00:03.000000,MSSIS,False,TMS ANTONIA,0,DJ2869,0.0,0.0,1.5,BRUNSBUTTEL OH,89,none
211484420,51.888176,4.317868,0.0,360.0,511.0,-731.3865,5,2026-06-02 12:00:03.000000,MSSIS,False,AEGIR,0,DD8245,0.0,0.0,1.4,ROTTERDAM GEULHAVEN,80,none
525101904,-2.3670366,104.79887,0.0,80.4,280.0,-1.1160072,8,2026-06-02 12:00:03.000000,MSSIS,False,GARDA MARITIM 5,9910818,YDZW2,0.0,0.0,0.0,,66,none
244790265,52.40094,4.88913,0.0,360.0,511.0,-731.3865,5,2026-06-02 12:00:03.000000,MSSIS,False,MAHUM880,0,PC9635,0.0,0.0,2.0,AMSTERDAM,0,none
461000376,23.68975,58.18262,0.0,41.6,511.0,-731.3865,0,2026-06-02 12:00:03.000000,MSSIS,False,GOOFI4,0,A4DY8,0.0,0.0,0.0,,30,none
248009000,43.52397,6.946942,0.0,153.1,307.0,0.0,5,2026-06-02 12:00:03.000000,MSSIS,False,ORIXA,9937505,ZGQO6,0.0,0.0,2.7,MANDELIEU,37,none
244620981,51.870792,6.0443516,2.0,332.4,511.0,-731.3865,0,2026-06-02 12:00:03.000000,MSSIS,False,VAGARI,3160382,PE9644,0.0,0.0,2.7,DEN HAAG,79,none
319065800,37.960773,23.566555,0.0,358.7,1.0,0.0,5,2026-06-02 12:00:03.000000,MSSIS,False,BELONGERS,9740677,ZGEA8,0.0,0.0,2.6,ATHENS,37,none
503185050,-19.250572,146.833,0.0,225.0,199.0,0.0,0,2026-06-02 12:00:02.000000,MSSIS,False,ENGAGE COWBOY,1048578,VNZ3705,0.0,0.0,5.7,TOWNSVILLEAUSTRALIA,52,none
667001430,22.725351,120.15707,0.1,50.8,511.0,-731.3865,0,2026-06-02 12:00:02.000000,MSSIS,False,DIANA,9120437,9LU2233,0.0,0.0,4.2,KAOHSIUNG,81,none
636018561,9.525138,-79.86819,0.7,237.5,121.0,-6.4282017,0,2026-06-02 12:00:02.000000,MSSIS,False,MSC HUSUM III,9326835,A8IM8,0.0,0.0,7.6,PACTB,79,none
264163582,45.470016,28.205341,0.1,189.4,511.0,-731.3865,15,2026-06-02 12:00:02.000000,MSSIS,False,SEA RIVER 4,0,YP3582,0.0,0.0,2.0,GIURGIULESTI,0,none
366623050,50.35193,-125.52504,3.3,121.3,115.0,-720.00323,11,2026-06-02 12:00:03.000000,MSSIS,False,KIRSTEN H,0,WY7979,0.0,0.0,3.0,SEATTLEWA,32,none
538003758,18.053576,-65.83549,0.0,20.6,68.0,0.0,5,2026-06-02 12:00:03.000000,MSSIS,False,ALPINE LINK,9478614,V7SZ7,0.0,0.0,10.8,PR YAB,89,none
316266000,47.630455,-54.038143,11.1,170.5,168.0,720.00323,8,2026-06-02 12:00:03.000000,MSSIS,False,PLACENTIA PRIDE,9175298,VCWB,0.0,0.0,5.9,PLACENTIA BAY,52,none
229000069,52.05848,-128.06544,0.0,76.2,192.0,1.1160072,15,2026-06-02 12:00:03.000000,MSSIS,False,DIABLESSE,0,9HB5778,0.0,0.0,6.6,,0,none
265768850,55.42546,13.8174,0.0,360.0,511.0,-731.3865,15,2026-06-02 12:00:03.000000,MSSIS,False,RESCUE SPARB SKANE,0,7SA2761,0.0,0.0,0.9,SWEDISH SAR VESSEL,51,none
219002416,56.1537,10.217238,0.0,72.5,217.0,0.0,0,2026-06-02 12:00:03.000000,MSSIS,False,AROS,9259238,OURY2,0.0,0.0,4.5,TOWING IN AARHUS,52,none
265610870,56.65119,12.844767,0.0,336.9,356.0,0.0,0,2026-06-02 12:00:03.000000,MSSIS,False,RESCUE HANS LAURIN,0,7SA2372,0.0,0.0,1.0,SWEDISH SAR VESSEL,51,none
372934000,54.340466,-132.39209,15.1,272.0,272.0,0.0,0,2026-06-02 12:00:03.000000,MSSIS,False,COSCO BOSTON,9335173,3ELF2,0.0,0.0,9.9,CNSHA,72,none
219009101,56.412926,10.922394,0.0,167.4,263.0,0.0,5,2026-06-02 12:00:03.000000,MSSIS,False,SLEIPNER R,9173771,OVUS2,0.0,0.0,1.8,GRENAA DK,90,none
265714490,59.316647,13.466784,0.0,360.0,511.0,-731.3865,0,2026-06-02 12:00:03.000000,MSSIS,False,RESCUE CACCI,0,7SA2573,0.0,0.0,0.0,SWEDISH SAR VESSEL,51,none
228073600,43.113796,5.9089484,0.0,284.6,173.0,0.0,5,2026-06-02 12:00:03.000000,MSSIS,False,VN REBEL,8304828,FIXP,0.0,0.0,6.5,TOULON,52,none
366876000,41.814045,-82.47851,8.0,113.1,109.0,0.0,12,2026-06-02 12:00:03.000000,MSSIS,False,CAPE HENRY,9865439,WDK4595,0.0,0.0,6.6,US NYC,57,none
227145700,47.79345,-4.2798066,0.0,232.4,511.0,-731.3865,0,2026-06-02 12:00:03.000000,MSSIS,False,FV BARA LODENN,0,FPFS,0.0,0.0,0.0,LE GUILVIL,30,none
636015567,46.180214,-128.55003,10.5,269.0,270.0,0.0,0,2026-06-02 12:00:03.000000,MSSIS,False,KYRA ZAFIRA,9590175,D5BN9,0.0,0.0,12.7,KR PUS,70,none
636018204,45.57535,-73.50928,0.0,247.3,215.0,0.0,5,2026-06-02 12:00:04.000000,MSSIS,False,MSC GIADA III,9232773,A8HE4,0.0,0.0,10.2,CAMTR,70,none
256003646,43.52371,6.9467435,0.0,311.6,305.0,0.0,5,2026-06-02 12:00:04.000000,MSSIS,False,SEAFLOWER,9950387,9HB9647,0.0,0.0,2.2,MANDELIEU,37,none
235054628,43.003506,6.2011366,0.0,145.4,290.0,0.0,0,2026-06-02 12:00:04.000000,MSSIS,False,BLUE BIRD OF 1938,8993320,MENX6,0.0,0.0,3.2,ST TROPEZ,37,none
265737840,59.439583,18.225634,0.0,209.8,76.0,0.0,0,2026-06-02 12:00:04.000000,MSSIS,False,GNARLY,0,SFD2222,0.0,0.0,1.2,CH 16 FOR INFO,38,none
219015531,55.64303,12.648978,0.0,0.0,511.0,0.0,15,2026-06-02 12:00:04.000000,MSSIS,False,LEAN,0,,0.0,0.0,0.0,,0,none
316051681,43.85187,-78.935196,0.0,360.0,511.0,0.0,15,2026-06-02 12:00:04.000000,MSSIS,False,,0,,0.0,0.0,0.0,,37,none
319173200,43.169884,5.609,0.0,40.9,41.0,0.0,5,2026-06-02 12:00:04.000000,MSSIS,False,ARROW,9834583,ZGKI4,0.0,0.0,3.8,FRLA CIOT,37,none
372828000,33.15843,128.19026,7.6,51.4,53.0,0.0,0,2026-06-02 12:00:04.000000,MSSIS,False,GLORIOUS PEONY,9311139,3EKU2,0.0,0.0,10.0,JP HHE,70,none
264900332,44.157326,28.657288,0.0,282.3,511.0,-731.3865,3,2026-06-02 12:00:04.000000,MSSIS,False,BSV FRANTA,8919178,YQPX,0.0,0.0,5.6,ROCND,52,none
257084040,69.0217,15.126137,0.0,60.0,168.0,0.0,7,2026-06-02 12:00:04.000000,MSSIS,False,GUNNAR JARL,8650344,LLGI,0.0,0.0,4.2,CH16,30,none
368251040,41.67627,-70.62324,0.0,146.3,100.0,0.0,15,2026-06-02 12:00:04.000000,MSSIS,False,,0,WDM9260,0.0,0.0,0.0,,37,none
235087121,57.143147,-2.0875933,0.0,19.9,102.0,0.0,5,2026-06-02 12:00:04.000000,MSSIS,False,HILDASAY,9119426,2EPP6,0.0,0.0,5.3,ABERDEEN,70,none
224013350,43.127518,-9.182402,0.0,265.0,511.0,-731.3865,5,2026-06-02 12:00:04.000000,MSSIS,False,SALVAMAR ALTAIR,0,EA5025,0.0,0.0,1.0,CAMARINAS,51,none
366850380,41.63381,-70.918465,0.0,360.0,511.0,0.0,15,2026-06-02 12:00:04.000000,MSSIS,False,,0,WDA8074,0.0,0.0,0.0,,30,none
219002823,56.056072,11.564577,7.5,260.7,262.0,720.00323,7,2026-06-02 12:00:04.000000,MSSIS,False,KUTTER OSCAR,0,XP4220,0.0,0.0,0.0,HANSTHO,30,none
620398000,25.729494,56.55212,0.0,302.2,136.0,0.0,0,2026-06-02 12:00:04.000000,MSSIS,False,MARLIM,9013749,D6I07,0.0,0.0,11.5,KFK ANCHORAGE C,80,none
205521200,43.369823,6.902305,6.5,43.7,511.0,0.0,15,2026-06-02 12:00:04.000000,MSSIS,False,,0,OS5212,0.0,0.0,0.0,,37,none
230138510,57.48823,17.589588,7.1,64.5,511.0,0.0,15,2026-06-02 12:00:04.000000,MSSIS,False,AMANDA,0,,0.0,0.0,0.0,,0,none
247364370,43.783096,7.520255,0.0,360.0,511.0,0.0,15,2026-06-02 12:00:04.000000,MSSIS,False,,0,,0.0,0.0,0.0,,36,none
228106050,43.338295,-3.0163283,0.0,122.8,511.0,0.0,15,2026-06-02 12:00:04.000000,MSSIS,False,,0,FAJ4983,0.0,0.0,0.0,,36,none
211352990,56.66004,16.36261,0.0,360.0,511.0,0.0,15,2026-06-02 12:00:04.000000,MSSIS,False,,0,DD7030,0.0,0.0,0.0,,36,none
263402890,42.193073,-9.384724,3.1,175.0,168.0,0.0,7,2026-06-02 12:00:04.000000,MSSIS,False,ASTER,0,CURM9,0.0,0.0,4.5,VIGO,30,none
265041210,28.859856,-13.826393,0.2,360.0,511.0,0.0,15,2026-06-02 12:00:04.000000,MSSIS,False,,0,SG4436,0.0,0.0,0.0,,36,none
224061430,43.32864,-2.2069633,9.0,140.1,138.0,0.0,0,2026-06-02 12:00:04.000000,MSSIS,False,FV BERRIZ AVE MARIA,8744858,EBYM,0.0,0.0,0.0,GETARIA,30,none
319011000,39.814487,2.7051916,0.0,9.0,290.0,0.0,1,2026-06-02 12:00:04.000000,MSSIS,False,,0,ZCII7,0.0,0.0,0.0,,37,none
205665570,39.548176,2.59838,0.0,360.0,511.0,0.0,15,2026-06-02 12:00:04.000000,MSSIS,False,,0,OQ6655,0.0,0.0,0.0,,37,none
311000766,36.484245,-8.219232,11.2,284.1,285.0,0.0,0,2026-06-02 12:00:04.000000,MSSIS,False,LANCING,9792046,C6DR9,0.0,0.0,11.8,DZAZWNLRTM,80,none
224531660,36.39456,-6.2075515,0.0,184.1,511.0,0.0,15,2026-06-02 12:00:04.000000,MSSIS,False,PANOA,0,,0.0,0.0,0.0,,0,none
245323000,53.103104,8.764335,0.0,91.1,324.0,0.0,5,2026-06-02 12:00:04.000000,MSSIS,False,RLO MERCHANT,9305350,PDFM,0.0,0.0,5.0,DEBRV,80,none
255913560,38.692657,-9.41689,0.0,360.0,511.0,0.0,15,2026-06-02 12:00:04.000000,MSSIS,False,KATERINA XL,0,,0.0,0.0,0.0,,0,none
367645970,41.32304,-88.98148,0.0,306.0,294.0,0.0,12,2026-06-02 12:00:04.000000,MSSIS,False,ROBERT ANTHONY,0,WDH7216,0.0,0.0,3.4,US061A0WUV,57,none
366987550,57.739185,-135.13295,0.1,262.1,256.0,0.0,1,2026-06-02 12:00:04.000000,MSSIS,False,ALASKAN EAGLE,0,,0.0,0.0,2.5,TENAKEE,19,none
249756000,43.218735,6.6706066,0.0,213.4,511.0,-731.3865,1,2026-06-02 12:00:04.000000,MSSIS,False,ARISTARCHOS1,8591574,9HC3015,0.0,0.0,4.8,STTROPEZ,36,none
257253900,62.6677,6.3597,0.0,348.4,511.0,-731.3865,0,2026-06-02 12:00:04.000000,MSSIS,False,LUN,0,LK5653,0.0,0.0,0.0,ROGNE,70,none
228209700,46.46396,-2.3935134,9.5,270.9,511.0,-731.3865,0,2026-06-02 12:00:04.000000,MSSIS,False,FV ARUNDEL,0,FMDJ,0.0,0.0,0.0,LES SABLES,30,none
211560430,39.559174,2.62724,0.0,360.0,511.0,0.0,15,2026-06-02 12:00:04.000000,MSSIS,False,COCO,0,,0.0,0.0,0.0,,0,none
257434000,-38.888824,142.88051,1.2,160.4,332.0,0.0,0,2026-06-02 12:00:04.000000,MSSIS,False,SEA1 EMERALD,9417701,LFAG3,0.0,0.0,7.3,AUPTJ,52,none
338096862,41.274563,-72.46882,0.0,0.0,511.0,0.0,15,2026-06-02 12:00:04.000000,MSSIS,False,BUSTERS TOY 3,0,,0.0,0.0,0.0,,0,none
316006077,47.74432,-64.698135,0.0,360.0,511.0,-731.3865,0,2026-06-02 12:00:04.000000,MSSIS,False,,0,,0.0,0.0,0.0,,30,none
211203490,53.542747,9.978802,0.0,360.0,511.0,-731.3865,0,2026-06-02 12:00:04.000000,MSSIS,False,HAFEN  HAMBURG,0,DQLF,0.0,0.0,1.3,HAMBURG,0,none
366983090,35.024197,-76.69697,0.0,171.4,511.0,0.0,15,2026-06-02 12:00:04.000000,MSSIS,False,,0,WDB9803,0.0,0.0,0.0,,30,none
224314280,38.864758,1.3167133,0.0,360.0,511.0,0.0,15,2026-06-02 12:00:04.000000,MSSIS,False,,0,,0.0,0.0,0.0,,36,none
367347420,41.63861,-70.9157,0.0,360.0,136.0,0.0,15,2026-06-02 12:00:04.000000,MSSIS,False,MISS CROCKETT,0,,0.0,0.0,0.0,,0,none
368061780,18.285105,-65.63387,0.1,360.0,511.0,0.0,15,2026-06-02 12:00:04.000000,MSSIS,False,,0,WDK5107,0.0,0.0,0.0,,60,none
258104360,59.78266,10.499657,0.0,360.0,511.0,0.0,15,2026-06-02 12:00:04.000000,MSSIS,False,,0,LI4383,0.0,0.0,0.0,,36,none
257455120,70.6646,23.688519,0.0,219.5,511.0,0.0,15,2026-06-02 12:00:04.000000,MSSIS,False,HARDRAADE,0,,0.0,0.0,0.0,,0,none
316007638,54.294075,-130.35493,0.7,360.0,511.0,0.0,15,2026-06-02 12:00:04.000000,MSSIS,False,,0,,0.0,0.0,0.0,,30,none
538009363,46.058006,-73.113075,0.0,217.2,249.0,0.0,1,2026-06-02 12:00:04.000000,MSSIS,False,STONE I,9380582,V7HX5,0.0,0.0,10.6,CA SOR,80,none
244020891,52.702545,5.298795,0.1,89.6,511.0,0.0,15,2026-06-02 12:00:04.000000,MSSIS,False,KNRMCORRIE DIJKSTRA,0,,0.0,0.0,0.0,,0,none
368196340,37.210896,-88.44699,0.0,360.0,511.0,0.0,15,2026-06-02 12:00:04.000000,MSSIS,False,,0,WDM3331,0.0,0.0,0.0,,53,none
338250099,40.71248,-73.23878,0.0,309.3,511.0,0.0,15,2026-06-02 12:00:04.000000,MSSIS,False,PIRATE PARTY,0,,0.0,0.0,0.0,,0,none
244710124,52.37499,4.9048767,0.0,0.0,511.0,-731.3865,1,2026-06-02 12:00:04.000000,MSSIS,False,RISICO,0,PF2690,0.0,0.0,0.2,AMSTERDM,37,none
512007971,-41.25002,174.90219,0.0,360.0,511.0,0.0,15,2026-06-02 12:00:04.000000,MSSIS,False,,0,ZMU7286,0.0,0.0,0.0,,30,none
770576265,-34.573483,-58.383327,0.1,340.6,305.0,-731.3865,0,2026-06-02 12:00:04.000000,MSSIS,False,AUDAX II,6801028,CXIE,0.0,0.0,3.0,ZONACOMUN,52,none
338517915,41.21179,-73.05072,0.0,360.0,511.0,0.0,15,2026-06-02 12:00:04.000000,MSSIS,False,,0,,0.0,0.0,0.0,,37,none
316039606,49.186005,-123.13862,0.0,360.0,511.0,0.0,15,2026-06-02 12:00:04.000000,MSSIS,False,,0,NW,0.0,0.0,0.0,,37,none
316004661,49.18659,-123.31067,8.6,357.1,356.0,0.0,0,2026-06-02 12:00:04.000000,MSSIS,False,MV OCEAN WARLOCK,0,,0.0,0.0,5.0,LEHIGH,31,none
503043660,-27.5275,153.2845,0.0,293.9,511.0,0.0,15,2026-06-02 12:00:03.000000,MSSIS,False,,0,41030Q,0.0,0.0,0.0,,60,none
368166060,31.158121,-81.49973,0.0,360.0,511.0,0.0,15,2026-06-02 12:00:04.000000,MSSIS,False,AQUAFABA,0,,0.0,0.0,0.0,,0,none
244690250,51.841267,4.6596017,0.2,360.0,511.0,-731.3865,0,2026-06-02 12:00:04.000000,MSSIS,False,NEVADA,0,PF7826,0.0,0.0,0.0,,79,none
525801469,-10.0887,123.44452,8.0,293.2,511.0,-731.3865,0,2026-06-02 12:00:04.000000,MSSIS,False,KM LUCKY STAR 1,1068396,YDOG3,0.0,0.0,5.3,SURABAYA,70,none
636025638,31.259642,32.35462,8.6,194.0,194.0,0.0,0,2026-06-02 12:00:04.000000,MSSIS,False,ELYSARIA,9312860,5LYK8,0.0,0.0,0.0,SINGAPORE,80,none
367704410,29.933407,-89.99718,0.0,334.5,304.0,0.0,12,2026-06-02 12:00:04.000000,MSSIS,False,CAPT JIMMY WARREN,0,WDI5025,0.0,0.0,2.9,NOLA,0,none
244130927,51.94067,4.8538632,0.0,360.0,89.0,0.0,0,2026-06-02 12:00:04.000000,MSSIS,False,ZILVERSTAD,0,PE7445,0.0,0.0,0.0,SCHOONHOVENGELKENE,69,none
367095450,34.536766,-86.54576,0.0,238.7,173.0,0.0,12,2026-06-02 12:00:04.000000,MSSIS,False,DANNY ETHERIDGE,0,WDC8945,0.0,0.0,3.2,US0PN70AQ5,32,none
368083770,45.64337,-122.752785,0.0,360.0,511.0,-731.3865,0,2026-06-02 12:00:04.000000,MSSIS,False,SUPPORT,0,WDK7370,0.0,0.0,3.1,HARBOROPPS,31,none
273278260,54.449963,11.857897,11.4,275.9,275.0,0.0,4,2026-06-02 12:00:04.000000,MSSIS,False,ZODIAK,9513139,UAWE2,0.0,0.0,15.0,RU PRIEG PSD,89,none
316058519,49.663967,-123.254074,0.1,16.3,2.0,0.0,5,2026-06-02 12:00:04.000000,MSSIS,False,BRIDGE CAT 450,9694892,CFA4746,0.0,0.0,1.5,WOODFIBRENORTH ARM,69,none
244670393,52.93874,5.688805,5.6,183.2,511.0,-731.3865,0,2026-06-02 12:00:04.000000,MSSIS,False,LA PRIMAVERA,0,PD3625,0.0,0.0,0.2,NIEUWE MAAS KM 1012,79,none
367144820,29.546274,-90.700424,0.1,360.0,511.0,-731.3865,5,2026-06-02 12:00:04.000000,MSSIS,False,CROSBY MOON,0,WDD4447,0.0,0.0,0.0,,31,none
244730286,52.949657,4.7834,0.0,360.0,511.0,-731.3865,3,2026-06-02 12:00:04.000000,MSSIS,False,GERARD,0,PD8094,0.0,0.0,1.6,MARKEN,33,none
253000108,54.31531,6.3136334,0.2,175.3,90.0,0.0,3,2026-06-02 12:00:04.000000,MSSIS,False,YELLOWSTONE,9464792,LXAM7,0.0,0.0,12.0,NORDLICHT OWF,90,none
503745900,-32.063725,115.746735,0.0,360.0,511.0,-731.3865,0,2026-06-02 12:00:04.000000,MSSIS,False,EGS INDEPENDENCE,0,31777QC,0.0,0.0,0.0,,40,none
503155260,-20.6255,116.75029,0.0,0.0,122.0,0.0,5,2026-06-02 12:00:03.000000,MSSIS,False,SVITZER DORADO,9965162,VMNE,0.0,0.0,0.0,DAMPIER,52,none
477212800,-22.59058,152.94566,12.8,196.4,199.0,-2.187374,0,2026-06-02 12:00:03.000000,MSSIS,False,ASPEN EXPRESS,9901415,VRXJ7,0.0,0.0,11.7,JPMIZAUGLT,80,none
503000134,-20.320902,118.572975,5.4,144.5,133.0,0.0,15,2026-06-02 12:00:03.000000,MSSIS,False,FMG HAMMERHEAD,9822085,VNZ2727,0.0,0.0,6.4,,52,none
503000243,-37.846844,144.93105,0.0,178.9,194.0,0.0,5,2026-06-02 12:00:03.000000,MSSIS,False,SPIRIT OF TASMANIA V,9936599,VMOF,0.0,0.0,6.5,AU GEXAU MEL,60,none
563167500,-8.786714,13.271243,0.0,40.1,226.0,0.0,5,2026-06-02 12:00:03.000000,MSSIS,False,API BHUM,9292149,9V8270,0.0,0.0,11.1,AOLAD,75,none
563234800,17.230104,-17.931307,11.3,358.0,1.0,0.0,0,2026-06-02 12:00:03.000000,MSSIS,False,IVS DUNES,9838515,9V8335,0.0,0.0,13.4,BE GNE,70,none
352004467,23.511417,121.6007,10.4,188.0,191.0,0.0,0,2026-06-02 12:00:03.000000,MSSIS,False,JUI HO,9194816,3E6761,0.0,0.0,9.5,TW KHH,70,none
249536000,18.421202,-69.629616,0.0,69.4,168.0,0.0,5,2026-06-02 12:00:04.000000,MSSIS,False,ECO BORA,1020629,9HA6290,0.0,0.0,7.0,DOCAU,70,none
367188610,27.941893,-82.44897,0.0,360.0,511.0,-731.3865,0,2026-06-02 12:00:04.000000,MSSIS,False,STARSHIP II,0,WDD7601,0.0,0.0,0.0,,0,none
219524000,57.43037,10.539398,0.0,237.5,279.0,-720.00323,5,2026-06-02 12:00:05.000000,MSSIS,False,HDMS VAEDDEREN,0,OUEW,0.0,0.0,6.4,,35,none
244210036,55.27785,14.801888,0.0,90.4,511.0,0.0,15,2026-06-02 12:00:05.000000,MSSIS,False,,0,PD3326,0.0,0.0,0.0,,37,none
211196300,54.659737,10.020387,0.0,25.8,185.0,0.0,5,2026-06-02 12:00:05.000000,MSSIS,False,HEIDA,0,DCME2,0.0,0.0,2.0,OLPENITZ,37,none
211628860,55.051693,10.157911,0.0,4.3,511.0,0.0,15,2026-06-02 12:00:05.000000,MSSIS,False,,0,DG5221,0.0,0.0,0.0,,36,none
247229150,44.096024,9.858137,0.1,339.0,68.0,3.6158633,5,2026-06-02 12:00:05.000000,MSSIS,False,EIGHT,1008906,IM9162,0.0,0.0,2.0,CALA GALERA,0,none
338528719,41.708267,-70.75873,0.2,360.0,511.0,0.0,15,2026-06-02 12:00:05.000000,MSSIS,False,KEEOMA,0,,0.0,0.0,0.0,,0,none
248535000,43.73397,7.426505,0.0,219.8,70.0,0.0,5,2026-06-02 12:00:05.000000,MSSIS,False,OKSANCHIK,17920,9HB5787,0.0,0.0,2.7,MONACO,37,none
368300670,48.61119,-123.15604,0.0,284.8,511.0,0.0,15,2026-06-02 12:00:05.000000,MSSIS,False,,0,WDN6604,0.0,0.0,0.0,,37,none
538070373,38.985493,1.282505,0.1,295.5,126.0,0.0,1,2026-06-02 12:00:05.000000,MSSIS,False,MIKADO,0,V7MO5,0.0,0.0,3.1,IBIZA,36,none
205992130,38.687935,0.35310167,5.1,104.5,511.0,0.0,15,2026-06-02 12:00:05.000000,MSSIS,False,,0,OP9921,0.0,0.0,0.0,,37,none
255805676,41.784847,16.939379,16.8,311.6,312.0,0.0,0,2026-06-02 12:00:05.000000,MSSIS,False,PANDA 008,9248162,CQEA,0.0,0.0,10.7,HKRJK,79,none
367314810,30.398397,-81.42774,0.0,37.5,511.0,0.0,15,2026-06-02 12:00:05.000000,MSSIS,False,PILOTBOAT2,0,,0.0,0.0,0.0,,0,none
431600647,35.466465,139.6948,0.0,204.4,176.0,0.0,5,2026-06-02 12:00:05.000000,MSSIS,False,FUKUWAMARU NO5,9152404,JM6537,0.0,0.0,5.1,JP YOK DE,70,none
367609130,47.66279,-122.38765,0.0,298.0,297.0,0.0,0,2026-06-02 12:00:05.000000,MSSIS,False,BELLA K,0,WDH3614,0.0,0.0,3.4,SEATTLE,30,none
224185240,39.214222,2.2617834,0.9,294.8,511.0,-731.3865,3,2026-06-02 12:00:05.000000,MSSIS,False,KATAMBO,0,EA8513,0.0,0.0,3.3,MAR BALEAR,30,none
338484825,47.628395,-122.39455,0.0,360.0,511.0,0.0,15,2026-06-02 12:00:05.000000,MSSIS,False,SONGBIRD,0,,0.0,0.0,0.0,,0,none
247341800,42.798992,14.361965,16.2,225.0,511.0,-731.3865,0,2026-06-02 12:00:05.000000,MSSIS,False,BLUE LADY,9268526,IJHV2,0.0,0.0,2.0,ORTONA,99,none
256002738,39.530334,2.5657933,0.0,360.0,511.0,0.0,15,2026-06-02 12:00:05.000000,MSSIS,False,,0,9HB8810,0.0,0.0,0.0,,37,none
238124840,42.78612,15.957018,2.4,63.8,511.0,0.0,15,2026-06-02 12:00:05.000000,MSSIS,False,OSINJ,0,,0.0,0.0,0.0,,0,none
235074003,36.147537,-5.364918,0.1,360.0,511.0,0.0,15,2026-06-02 12:00:05.000000,MSSIS,False,,0,2CMH7,0.0,0.0,0.0,,53,none
255805903,28.981236,-14.558577,15.0,220.6,217.0,-5.401475,0,2026-06-02 12:00:05.000000,MSSIS,False,CT PACHUCA,9344253,CQIA3,0.0,0.0,6.6,ESLPA,71,none
228233610,38.679234,1.5181867,0.1,360.0,511.0,0.0,15,2026-06-02 12:00:05.000000,MSSIS,False,,0,,0.0,0.0,0.0,,36,none
232053433,37.41235,24.396154,0.1,360.0,230.0,0.0,15,2026-06-02 12:00:04.000000,MSSIS,False,COINCIDENCE,0,,0.0,0.0,0.0,,0,none
224026280,43.605656,-6.7673035,0.7,120.6,511.0,-731.3865,7,2026-06-02 12:00:05.000000,MSSIS,False,MADRE RAFAELA,2838683,EA3108,0.0,0.0,0.0,,30,none
503018970,-12.908263,141.6422,1.9,195.5,199.0,0.0,15,2026-06-02 12:00:04.000000,MSSIS,False,,0,VNKT,0.0,0.0,0.0,,30,none
503127780,-43.15793,146.9691,0.1,360.0,511.0,0.0,15,2026-06-02 12:00:04.000000,MSSIS,False,,0,WF973Q,0.0,0.0,0.0,,37,none
251850640,63.8389,-22.417458,0.0,0.0,511.0,0.0,15,2026-06-02 12:00:05.000000,MSSIS,False,VESTEINN,0,,0.0,0.0,0.0,,0,none
257031710,59.60944,5.242065,0.0,0.0,211.0,0.0,5,2026-06-02 12:00:05.000000,MSSIS,False,HJELM WAAGE,0,LFBX,0.0,0.0,3.2,BOMLO,51,none
251575240,66.04844,-23.508787,0.0,0.0,511.0,0.0,15,2026-06-02 12:00:05.000000,MSSIS,False,,0,7610,0.0,0.0,0.0,,30,none
368419020,32.6804,-117.17145,0.0,287.1,511.0,0.0,15,2026-06-02 12:00:05.000000,MSSIS,False,WANDERFUL II,0,,0.0,0.0,0.0,,0,none
341166001,37.960503,23.57563,0.0,351.8,511.0,-731.3865,0,2026-06-02 12:00:04.000000,MSSIS,False,TO CALLISTO,5416553,V4HQ5,0.0,0.0,3.2,PIRAEUS,69,none
265573690,61.548805,17.057676,0.1,360.0,511.0,0.0,15,2026-06-02 12:00:05.000000,MSSIS,False,,0,SC7523,0.0,0.0,0.0,,37,none
259032680,63.612995,9.146493,22.5,137.1,511.0,0.0,15,2026-06-02 12:00:05.000000,MSSIS,False,LITJEN,0,,0.0,0.0,0.0,,0,none
376038000,37.961876,23.491331,0.0,338.5,243.0,0.0,5,2026-06-02 12:00:04.000000,MSSIS,False,NORTHWIND II,1003023,J8Y4734,0.0,0.0,2.8,ZEA MARINA,37,none
244100929,52.76968,5.119775,0.1,360.0,511.0,0.0,15,2026-06-02 12:00:05.000000,MSSIS,False,LEVANTE,0,,0.0,0.0,0.0,,0,none
244384806,52.310394,5.1478367,0.1,360.0,511.0,0.0,15,2026-06-02 12:00:05.000000,MSSIS,False,PLONS,0,,0.0,0.0,0.0,,0,none
503012920,-20.5929,117.16956,0.0,347.1,2.0,0.0,0,2026-06-02 12:00:04.000000,MSSIS,False,WAMALHANHA,9635937,VHOX,0.0,0.0,6.0,,52,none
265009000,57.20925,17.741302,10.2,148.2,146.0,0.0,0,2026-06-02 12:00:05.000000,MSSIS,False,SVEA,9829332,SEYB,0.0,0.0,6.0,SURVEY,90,none
230946000,60.311424,25.552235,0.0,225.2,181.0,0.0,0,2026-06-02 12:00:05.000000,MSSIS,False,UKKO,9230244,OJIJ,0.0,0.0,5.6,FIPRV ESCORT TUG,52,none
368133460,41.486923,-71.31725,0.0,335.6,511.0,0.0,15,2026-06-02 12:00:05.000000,MSSIS,False,COASTAL QUEEN,0,,0.0,0.0,0.0,,0,none
259457000,61.93029,5.118365,0.0,158.3,81.0,0.0,0,2026-06-02 12:00:05.000000,MSSIS,False,FJELLMOEY,9169263,LIWR,0.0,0.0,5.5,MAALOY,30,none
367703790,28.598461,-96.17769,3.8,41.0,37.0,0.0,0,2026-06-02 12:00:05.000000,MSSIS,False,AMERICAN PROGRESS,0,WD14961,0.0,0.0,2.8,HOUSTON TX,57,none
338505414,42.434486,-82.87342,0.0,360.0,511.0,0.0,15,2026-06-02 12:00:05.000000,MSSIS,False,DEO VOLENTE,0,,0.0,0.0,0.0,,0,none
259491000,58.939613,11.169585,0.0,224.2,82.0,0.0,5,2026-06-02 12:00:05.000000,MSSIS,False,VESLEO II,7922867,LJCU,0.0,0.0,2.5,STOMSTADKOSTER,60,none
316047991,49.2917,-123.12456,0.0,14.9,141.0,0.0,15,2026-06-02 12:00:05.000000,MSSIS,False,,0,,0.0,0.0,0.0,,37,none
352003450,23.628983,58.569817,0.0,305.0,308.0,0.0,5,2026-06-02 12:00:05.000000,MSSIS,False,HOANH SON PACIFIC,9324239,3E5115,0.0,0.0,12.6,MUSCATOMAN,70,none
649132000,25.72952,56.552227,0.0,360.0,56.0,0.0,1,2026-06-02 12:00:05.000000,MSSIS,False,CORAL,9142318,TZBF1,0.0,0.0,3.8,SHINAS,80,none
244830936,51.445404,3.5892668,0.0,0.0,511.0,-731.3865,0,2026-06-02 12:00:05.000000,MSSIS,False,ENTEQ 1,0,PB2852,0.0,0.0,0.2,VLISSINGEN,99,none
244670362,53.486927,6.7530284,7.1,266.5,511.0,-731.3865,9,2026-06-02 12:00:05.000000,MSSIS,False,UQ15 CAROLINE ELISE,0,PBEA,0.0,0.0,2.0,SCHEVENINGEN,30,none
265585620,64.6841,21.215681,0.0,283.6,21.0,0.0,0,2026-06-02 12:00:05.000000,MSSIS,False,PILOT 791 SE,0,SMTZ,0.0,0.0,1.2,PILOT BOAT VHFCH11,50,none
211660580,49.536804,8.436225,0.0,360.0,511.0,-731.3865,5,2026-06-02 12:00:05.000000,MSSIS,False,ASCHENDORF,0,,0.0,0.0,1.0,MANNHEIM,0,none
205367990,51.255505,4.3807516,0.0,360.0,511.0,-731.3865,0,2026-06-02 12:00:05.000000,MSSIS,False,PAGADDER,0,OT3679,0.0,0.0,0.0,BOTLEK,89,none
366999637,32.686337,-117.23463,0.0,129.1,511.0,-731.3865,5,2026-06-02 12:00:05.000000,MSSIS,False,CG SEA OTTER,0,NJOM,0.0,0.0,1.9,,55,none
636023377,51.324993,4.3031483,0.0,351.8,226.0,0.0,5,2026-06-02 12:00:05.000000,MSSIS,False,DICTADOR,1055430,5LNK5,0.0,0.0,9.5,BEANR,80,none
375002,21.336973,121.12675,1.8,35.2,511.0,0.0,15,2026-06-02 12:00:05.000000,MSSIS,False,LONGLINE BUOY 0290,0,,0.0,0.0,0.0,,0,none
366991421,30.679867,-88.03442,0.0,92.9,93.0,0.0,0,2026-06-02 12:00:05.000000,MSSIS,False,AUXILIARY 7,9905394,NRTS,0.0,0.0,9.1,MOBILE,90,none
366992950,29.119333,-90.21163,0.1,124.4,511.0,-731.3865,0,2026-06-02 12:00:05.000000,MSSIS,False,MEGAN JOLIE,8986195,WDC2424,0.0,0.0,0.3,EI327A,60,none
503014020,-27.45422,153.19194,0.0,308.1,511.0,0.0,15,2026-06-02 12:00:05.000000,MSSIS,False,BALI HAI 2,0,,0.0,0.0,0.0,,0,none
211792430,44.489502,14.394524,6.5,270.1,511.0,0.0,15,2026-06-02 12:00:06.000000,MSSIS,False,,0,DF2963,0.0,0.0,0.0,,36,none
244740441,52.981792,5.1082015,0.0,169.8,511.0,-731.3865,5,2026-06-02 12:00:05.000000,MSSIS,False,NIR